As of Date in Form YYYY-MM-DD,Noncommercial Positions-Long (All),Noncommercial Positions-Short (All),Change in Noncommercial-Long (All),Change in Noncommercial-Short (All),Open Interest (All),Net Positions,Interpretation
2026-04-07,91055,33584,-3128,-2915,182790,57471,Bearish Reversal
2026-03-31,94183,36499,1937,18329,184074,57684,Bearish
2026-03-24,92246,18170,1249,-4367,166676,74076,Bullish Reversal
2026-03-17,90997,22537,-21704,-16353,171319,68460,Bearish Reversal
2026-03-10,112701,38890,-13830,-10598,254257,73811,Bearish
2026-03-03,126531,49488,522,6359,235943,77043,Bearish
2026-02-24,126009,43129,-2188,-946,225567,82880,Bearish Reversal
2026-02-17,128197,44075,-163,666,226417,84122,Bearish Reversal
2026-02-10,128360,43409,-4032,1609,226933,84951,Bearish
2026-02-03,132392,41800,-16702,-4180,225867,90592,Bearish Reversal
2026-01-27,149094,45980,-4304,-265,237744,103114,Bearish Reversal
2026-01-20,153398,46245,-272,-3867,239959,107153,Bullish Reversal
2026-01-13,153670,50112,-7946,-2203,241382,103558,Bearish Reversal
2026-01-06,161616,52315,-624,-3559,250364,109301,Bullish
2025-12-30,162240,55874,-2745,-7935,249474,106366,Bullish Reversal
2025-12-23,164985,63809,6538,-7526,255477,101176,Bullish Reversal
2025-12-16,158447,71335,4719,24583,365595,87112,Bearish
2025-12-09,153728,46752,4626,-3410,284060,106976,Bullish
2025-12-02,149102,50162,22551,18798,235435,98940,Bullish
2025-11-25,126551,31364,-5614,-4973,207501,95187,Bearish Reversal
2025-11-18,132165,36337,13654,3007,216607,95828,Bullish
2025-11-10,118511,33330,5347,6342,197299,85181,Bearish
2025-11-04,113164,26988,-3325,-7997,188337,86176,Bullish Reversal
2025-10-28,116489,34985,16831,8669,193166,81504,Bullish
2025-10-21,99658,26316,3984,-1797,177118,73342,Bullish Reversal
2025-10-14,95674,28113,-20143,-37,178245,67561,Bearish Reversal
2025-10-07,115817,28150,561,4777,191754,87667,Bearish
2025-09-30,115256,23373,7910,-540,183221,91883,Bullish
2025-09-23,107346,23913,-5049,-10489,176007,83433,Bullish Reversal
2025-09-16,112395,34402,4892,631,182118,77993,Bullish Reversal
2025-09-09,107503,33771,5983,5264,213424,73732,Bullish
2025-09-02,101520,28507,4362,347,179417,73013,Bullish
2025-08-26,97158,28160,5184,711,165392,68998,Bullish
2025-08-19,91974,27449,-14565,-17851,162678,64525,Bullish Reversal
2025-08-12,106539,45300,1308,8124,182397,61239,Bearish
2025-08-05,105231,37176,6090,-5287,176153,68055,Bullish
2025-07-29,99141,42463,60,-554,173983,56678,Bullish
2025-07-22,99081,43017,6749,807,172369,56064,Bullish
2025-07-15,92332,42210,-5099,-143,165808,50122,Bearish Reversal
2025-07-08,97431,42353,9983,9417,167262,55078,Bullish
2025-07-01,87448,32936,3719,518,153052,54512,Bullish
2025-06-24,83729,32418,-9104,-2388,146855,51311,Bearish Reversal
2025-06-17,92833,34806,-6184,-1485,155581,58027,Bearish Reversal
2025-06-10,99017,36291,5616,7339,180612,62726,Bearish
2025-06-03,93401,28952,5108,2061,168665,64449,Bullish
2025-05-27,88293,26891,-1030,100,161653,61402,Bearish
2025-05-20,89323,26791,-868,2306,136985,62532,Bearish
2025-05-13,90191,24485,3576,6425,134834,65706,Bearish
2025-05-06,86615,18060,3328,-5715,127483,68555,Bullish Reversal
2025-04-29,83287,23775,15663,-2684,129201,59512,Bullish Reversal
2025-04-22,67624,26459,74,-7822,130379,41165,Bullish Reversal
2025-04-15,67550,34281,-12617,-6804,146438,33269,Bearish Reversal
2025-04-08,80167,41085,-6590,5408,150017,39082,Bearish
2025-04-01,86757,35677,-2720,5239,139481,51080,Bearish
2025-03-25,89477,30438,-4106,-7193,137459,59039,Bullish Reversal
2025-03-18,93583,37631,18064,-7802,142943,55952,Bullish Reversal
2025-03-11,75519,45433,9840,-790,166564,30086,Bullish
2025-03-04,65679,46223,-4658,4616,145035,19456,Bearish Reversal
2025-02-25,70337,41607,6485,-7572,150579,28730,Bullish
2025-02-18,63852,49179,4464,5641,149733,14673,Bearish
2025-02-11,59388,43538,-2071,-5659,143628,15850,Bullish Reversal
2025-02-04,61459,49197,14858,7820,145368,12262,Bullish
2025-01-28,46601,41377,-1384,-8152,138321,5224,Bullish Reversal
2025-01-21,47985,49529,-9203,-1662,141724,-1544,Bearish Reversal
2025-01-14,57188,51191,-2951,3443,142860,5997,Bearish
2025-01-07,60139,47748,-8319,-39,139151,12391,Bearish
2024-12-31,68458,47787,5290,3462,135646,20671,Bullish
2024-12-24,63168,44325,7639,3410,132801,18843,Bullish
2024-12-17,55529,40915,-6114,-12800,126921,14614,Bullish Reversal
2024-12-10,61643,53715,6529,2785,160701,7928,Bullish
2024-12-03,55114,50930,-1288,-2014,146854,4184,Bullish
2024-11-26,56402,52944,-4240,6316,142400,3458,Bearish
2024-11-19,60642,46628,-12627,-6448,139260,14014,Bearish Reversal
2024-11-12,73269,53076,7768,18670,147790,20193,Bearish
2024-11-05,65501,34406,-5626,-1676,143741,31095,Bearish Reversal
2024-10-29,71127,36082,9824,-1324,147540,35045,Bullish
2024-10-22,61303,37406,544,1893,139302,23897,Bearish
2024-10-15,60759,35513,5432,9379,139187,25246,Bearish
2024-10-08,55327,26134,-6160,-9054,135821,29193,Bullish Reversal
2024-10-01,61487,35188,10007,-3866,141622,26299,Bullish
2024-09-24,51480,39054,2994,-1709,134947,12426,Bullish
2024-09-17,48486,40763,-14128,5175,130644,7723,Bearish Reversal
2024-09-10,62614,35588,-489,2964,190133,27026,Bearish
2024-09-03,63103,32624,-3566,-3325,171000,30479,Bearish
2024-08-27,66669,35949,-76,3850,170231,30720,Bearish Reversal
2024-08-20,66745,32099,-15443,5,174530,34646,Bearish Reversal
2024-08-13,82188,32094,-14728,514,184929,50094,Bearish Reversal
2024-08-06,96916,31580,-2227,97,190477,65336,Bearish Reversal
2024-07-30,99143,31483,-1412,245,196287,67660,Bearish Reversal
2024-07-23,100555,31238,2060,-5547,198691,69317,Bullish
2024-07-16,98495,36785,2747,4360,197580,61710,Bearish
2024-07-09,95748,32425,-611,-307,189294,63323,Bearish
2024-07-02,96359,32732,12045,6224,188324,63627,Bullish
2024-06-25,84314,26508,12575,5023,172171,57806,Bullish
2024-06-18,71739,21485,-73865,-5126,164401,50254,Bearish Reversal
2024-06-11,145604,26611,-8339,-2661,275217,118993,Bearish
2024-06-04,153943,29272,2475,-1277,264788,124671,Bullish Reversal
2024-05-28,151468,30549,-1738,-4765,268109,120919,Bullish Reversal
2024-05-21,153206,35314,8899,3968,269695,117892,Bullish
2024-05-14,144307,31346,6743,6094,258065,112961,Bullish
2024-05-07,137564,25252,-7115,-382,246848,112312,Bearish Reversal
2024-04-30,144679,25634,-7392,-2782,249126,119045,Bearish Reversal
2024-04-23,152071,28416,-20502,-16426,254982,123655,Bearish Reversal
2024-04-16,172573,44842,-17307,-5347,286335,127731,Bearish Reversal
2024-04-09,189880,50189,-1805,-7766,309571,139691,Bullish Reversal
2024-04-02,191685,57955,7324,5662,314517,133730,Bullish
2024-03-26,184361,52293,1179,-2219,307002,132068,Bullish
2024-03-19,183182,54512,3042,-21336,303202,128670,Bullish Reversal
2024-03-12,180140,75848,8269,10563,330046,104292,Bearish
2024-03-05,171871,65285,25753,12981,294670,106586,Bullish
2024-02-27,146118,52304,4590,6771,256055,93814,Bearish
2024-02-20,141528,45533,-5648,-1199,254486,95995,Bearish Reversal
2024-02-13,147176,46732,3606,-10009,265257,100444,Bullish
2024-02-06,143570,56741,10762,4326,261212,86829,Bullish
2024-01-30,132808,52415,5329,35,250075,80393,Bullish
2024-01-23,127479,52380,-6212,291,250059,75099,Bearish Reversal
2024-01-16,133691,52089,-9745,-2908,263473,81602,Bearish Reversal
2024-01-09,143436,54997,2429,3088,271237,88439,Bearish
2024-01-02,141007,51909,9151,7802,268627,89098,Bullish
2023-12-26,131856,44107,5248,1500,253217,87749,Bullish
2023-12-19,126608,42607,12212,2336,245808,84001,Bullish Reversal
2023-12-12,114396,40271,5475,4806,269074,74125,Bullish
2023-12-05,108921,35465,3083,-4888,257053,73456,Bullish
2023-11-28,105838,40353,17364,10810,247503,65485,Bullish
2023-11-21,88474,29543,9312,-6237,225972,58931,Bullish Reversal
2023-11-14,79162,35780,7518,876,228809,43382,Bullish
2023-11-07,71644,34904,14174,8731,216534,36740,Bullish
2023-10-31,57470,26173,3024,9588,199078,31297,Bearish
2023-10-24,54446,16585,-8905,-2461,194530,37861,Bearish Reversal
2023-10-17,63351,19046,-7174,754,197037,44305,Bearish Reversal
2023-10-10,70525,18292,-20323,-8042,201997,52233,Bearish Reversal
2023-10-03,90848,26334,-1884,-5765,212539,64514,Bullish Reversal
2023-09-26,92732,32099,-2575,442,216906,60633,Bearish Reversal
2023-09-19,95307,31657,2285,5506,220707,63650,Bearish Reversal
2023-09-12,93022,26151,-7276,-6626,235720,66871,Bearish Reversal
2023-09-05,100298,32777,-9777,-3435,246061,67521,Bearish
2023-08-29,110075,36212,7057,6853,238767,73863,Bullish
2023-08-22,103018,29359,-6322,2042,228801,73659,Bearish Reversal
2023-08-15,109340,27317,-668,960,228984,82023,Bearish
2023-08-08,110008,26357,-9643,-4746,227745,83651,Bearish Reversal
2023-08-01,119651,31103,1919,1212,236446,88548,Bullish
2023-07-25,117732,29891,-5079,1572,233549,87841,Bearish Reversal
2023-07-18,122811,28319,-185,1489,238006,94492,Bearish Reversal
2023-07-11,122996,26830,-923,-1849,239738,96166,Bullish
2023-07-03,123919,28679,6821,7930,238269,95240,Bearish
2023-06-27,117098,20749,-3907,-538,226033,96349,Bearish
2023-06-20,121005,21287,-10733,-31616,224897,99718,Bullish Reversal
2023-06-13,131738,52903,8291,11126,291589,78835,Bearish
2023-06-06,123447,41777,7912,4247,235994,81670,Bullish
2023-05-30,115535,37530,-3044,-4106,224395,78005,Bullish Reversal
2023-05-23,118579,41636,-14689,-17997,233538,76943,Bullish Reversal
2023-05-16,133268,59633,5505,1902,254037,73635,Bullish Reversal
2023-05-09,127763,57731,-410,-12732,255441,70032,Bullish Reversal
2023-05-02,128173,70463,-4925,-8507,260235,57710,Bullish Reversal
2023-04-25,133098,78970,-6191,-4148,267276,54128,Bearish Reversal
2023-04-18,139289,83118,2934,7240,267698,56171,Bearish
2023-04-11,136355,75878,8984,6420,260053,60477,Bullish
2023-04-04,127371,69458,17954,9320,250403,57913,Bullish
2023-03-28,109417,60138,7518,9769,233669,49279,Bearish
2023-03-21,101899,50369,-45506,-30909,222130,51530,Bearish Reversal
2023-03-14,147405,81278,-30098,-127477,260414,66127,Bullish Reversal
2023-03-07,177503,208755,7734,3841,376712,-31252,Bullish
2023-02-28,169769,204914,17094,15366,294741,-35145,Bullish
2023-02-21,152675,189548,-695,-3489,277353,-36873,Bullish Reversal
2023-02-14,153370,193037,14599,9988,279004,-39667,Bullish
2023-02-07,138771,183049,-18179,-19171,262449,-44278,Bullish Reversal
2023-01-31,156950,202220,8685,5215,285481,-45270,Bullish
2023-01-24,148265,197005,-2278,-2177,272655,-48740,Bearish Reversal
2023-01-17,150543,199182,1026,-3716,274227,-48639,Bullish
2023-01-10,149517,202898,18316,15321,270826,-53381,Bullish
2023-01-03,131201,187577,5310,9960,245029,-56376,Bearish
2022-12-27,125891,177617,1417,-1953,232407,-51726,Bullish
2022-12-20,124474,179570,-44007,55453,229275,-55096,Bearish Reversal
2022-12-13,168481,124117,-9074,-5486,290116,44364,Bearish Reversal
2022-12-06,177555,129603,-22189,-4055,293708,47952,Bearish Reversal
2022-11-29,199744,133658,11298,8531,307733,66086,Bullish
2022-11-22,188446,125127,-9254,-4722,296145,63319,Bearish Reversal
2022-11-15,197700,129849,5676,-2561,303442,67851,Bullish
2022-11-08,192024,132410,9708,-5861,300020,59614,Bullish
2022-11-01,182316,138271,20758,-10713,282864,44045,Bullish
2022-10-25,161558,148984,28126,-6742,248910,12574,Bullish
2022-10-18,133432,155726,13193,1833,215836,-22294,Bullish
2022-10-11,120239,153893,11613,7946,206170,-33654,Bullish
2022-10-04,108626,145947,20903,16902,192352,-37321,Bullish
2022-09-27,87723,129045,-8948,4341,173045,-41322,Bearish
2022-09-20,96671,124704,-7101,-4449,172650,-28033,Bearish Reversal
2022-09-13,103772,129153,6660,2581,208403,-25381,Bullish
2022-09-06,97112,126572,-6511,-6081,199161,-29460,Bearish Reversal
2022-08-30,103623,132653,567,-1719,206823,-29030,Bullish
2022-08-23,103056,134372,-5586,4359,205575,-31316,Bearish
2022-08-16,108642,130013,13070,6820,201618,-21371,Bullish
2022-08-09,95572,123193,-5843,-1275,189988,-27621,Bearish Reversal
2022-08-02,101415,124468,4663,-2182,192971,-23053,Bullish Reversal
2022-07-26,96752,126650,-1213,-2075,195025,-29898,Bullish Reversal
2022-07-19,97965,128725,-6750,772,196123,-30760,Bearish
2022-07-12,104715,127953,-2426,6394,195611,-23238,Bearish Reversal
2022-07-05,107141,121559,110,548,197463,-14418,Bearish
2022-06-28,107031,121011,10884,-2006,193536,-13980,Bullish
2022-06-21,96147,123017,-17946,-17457,191265,-26870,Bearish Reversal
2022-06-14,114093,140474,-5069,54038,197375,-26381,Bearish Reversal
2022-06-07,119162,86436,4682,7405,248184,32726,Bearish
2022-05-31,114480,79031,31449,25792,212843,35449,Bullish
2022-05-24,83031,53239,5212,3635,177125,29792,Bullish
2022-05-17,77819,49604,13898,2408,170924,28215,Bullish
2022-05-10,63921,47196,61,-2041,153858,16725,Bullish
2022-05-03,63860,49237,-3529,1974,151933,14623,Bearish Reversal
2022-04-26,67389,47263,-6321,-4783,156766,20126,Bearish Reversal
2022-04-19,73710,52046,-7872,-14576,165403,21664,Bullish Reversal
2022-04-12,81582,66622,2854,-11196,175905,14960,Bullish
2022-04-05,78728,77818,3647,-5510,172712,910,Bullish
2022-03-29,75081,83328,16931,7127,157779,-8247,Bullish
2022-03-22,58150,76201,18986,26461,134766,-18051,Bearish
2022-03-15,39164,49740,-36856,26737,102749,-10576,Bearish Reversal
2022-03-08,76020,23003,1049,-9590,166433,53017,Bullish
2022-03-01,74971,32593,2125,-23428,154664,42378,Bullish Reversal
2022-02-22,72846,56021,13361,5510,171299,16825,Bullish
2022-02-15,59485,50511,14388,6658,151098,8974,Bullish
2022-02-08,45097,43853,-8670,-9184,134257,1244,Bullish Reversal
2022-02-01,53767,53037,-12682,-14202,141352,730,Bullish Reversal
2022-01-25,66449,67239,-9012,-3302,150142,-790,Bearish Reversal
2022-01-18,75461,70541,22267,12896,151778,4920,Bullish
2022-01-11,53194,57645,8318,3279,127155,-4451,Bullish
2022-01-04,44876,54366,11315,11797,119748,-9490,Bearish
2021-12-28,33561,42569,3540,7756,102418,-9008,Bearish
2021-12-21,30021,34813,-4727,-10608,94469,-4792,Bullish Reversal
2021-12-14,34748,45421,-36043,-89496,101049,-10673,Bullish Reversal
2021-12-07,70791,134917,-15049,-10670,200173,-64126,Bearish
2021-11-30,85840,145587,5149,15435,195719,-59747,Bearish
2021-11-23,80691,130152,10707,12513,184243,-49461,Bearish
2021-11-16,69984,117639,8193,7441,170102,-47655,Bullish
2021-11-09,61791,110198,238,-2373,164152,-48407,Bullish Reversal
2021-11-02,61553,112571,-2124,5605,167676,-51018,Bearish
2021-10-26,63677,106966,-6515,-1797,162542,-43289,Bearish Reversal
2021-10-19,70192,108763,-3937,-5000,164268,-38571,Bullish Reversal
2021-10-12,74129,113763,-2945,1110,171754,-39634,Bearish
2021-10-05,77074,112653,-15349,635,168119,-35579,Bearish Reversal
2021-09-28,92423,112018,3690,4270,172640,-19595,Bearish
2021-09-21,88733,107748,-7215,-4052,169898,-19015,Bearish Reversal
2021-09-14,95948,111800,7780,6115,176776,-15852,Bullish Reversal
2021-09-07,88168,105685,16116,12590,180540,-17517,Bullish
2021-08-31,72052,93095,985,-1802,153285,-21043,Bullish
2021-08-24,71067,94897,-5463,-750,152123,-23830,Bearish Reversal
2021-08-17,76530,95647,6712,1942,159599,-19117,Bullish
2021-08-10,69818,93705,-969,1621,152510,-23887,Bearish Reversal
2021-08-03,70787,92084,5383,273,154363,-21297,Bullish
2021-07-27,65404,91811,-737,-2751,150348,-26407,Bullish
2021-07-20,66141,94562,-3470,-2481,146412,-28421,Bearish Reversal
2021-07-13,69611,97043,-1177,3922,149382,-27432,Bearish
2021-07-06,70788,93121,-661,2218,147459,-22333,Bearish
2021-06-29,71449,90903,9494,357,144435,-19454,Bullish
2021-06-22,61955,90546,-6720,-2059,139874,-28591,Bearish Reversal
2021-06-15,68675,92605,4861,22230,144805,-23930,Bearish Reversal
2021-06-08,63814,70375,-6066,-3151,159811,-6561,Bearish
2021-06-01,69880,73526,6012,1160,159507,-3646,Bullish
2021-05-25,63868,72366,1617,-3,146892,-8498,Bullish
2021-05-18,62251,72369,626,2264,144712,-10118,Bearish
2021-05-11,61625,70105,-4323,-289,143323,-8480,Bearish Reversal
2021-05-04,65948,70394,-9606,-4200,145948,-4446,Bearish Reversal
2021-04-27,75554,74594,7542,3028,154844,960,Bullish
2021-04-20,68012,71566,4625,-3799,146537,-3554,Bullish
2021-04-13,63387,75365,5777,4613,143619,-11978,Bullish
2021-04-06,57610,70752,-479,-2450,136870,-13142,Bullish
2021-03-30,58089,73202,5677,-104,136497,-15113,Bullish
2021-03-23,52412,73306,12275,3712,130204,-20894,Bullish
2021-03-16,40137,69594,-10212,21097,113924,-29457,Bearish Reversal
2021-03-09,50349,48497,-1749,830,167287,1852,Bearish
2021-03-02,52098,47667,-2557,-3963,159755,4431,Bullish Reversal
2021-02-23,54655,51630,-3015,-4628,165600,3025,Bullish
2021-02-16,57670,56258,4467,4538,163322,1412,Bearish
2021-02-09,53203,51720,-203,1182,158040,1483,Bearish
2021-02-02,53406,50538,-4895,-8713,150781,2868,Bullish
2021-01-26,58301,59251,5411,-1326,150653,-950,Bullish
2021-01-19,52890,60577,-4680,-2445,145735,-7687,Bearish Reversal
2021-01-12,57570,63022,4992,2721,151244,-5452,Bullish
2021-01-05,52578,60301,-4351,-1886,141291,-7723,Bearish Reversal
2020-12-29,56929,62187,331,-2660,142582,-5258,Bullish Reversal
2020-12-21,56598,64847,-5737,-715,142814,-8249,Bearish Reversal
2020-12-15,62335,65562,-8108,21641,142913,-3227,Bearish Reversal
2020-12-08,70443,43921,-2437,82,191833,26522,Bearish
2020-12-01,72880,43839,9724,4478,149709,29041,Bullish
2020-11-24,63156,39361,3357,-29,136787,23795,Bullish
2020-11-17,59799,39390,2400,313,132317,20409,Bullish
2020-11-10,57399,39077,3411,9186,128610,18322,Bearish
2020-11-03,53988,29891,-9147,-5298,118193,24097,Bearish Reversal
2020-10-27,63135,35189,6889,-1215,125868,27946,Bullish
2020-10-20,56246,36404,4917,7553,124948,19842,Bearish
2020-10-13,51329,28851,128,-1008,118828,22478,Bullish Reversal
2020-10-06,51201,29859,7867,-839,120674,21342,Bullish Reversal
2020-09-29,43334,30698,-16150,-2136,121918,12636,Bearish Reversal
2020-09-22,59484,32834,3006,2827,136718,26650,Bullish
2020-09-15,56478,30007,3288,-14810,134482,26471,Bullish Reversal
2020-09-08,53190,44817,7881,5477,150387,8373,Bullish
2020-09-01,45309,39340,2912,805,132731,5969,Bullish Reversal
2020-08-25,42397,38535,-53,423,134794,3862,Bearish
2020-08-18,42450,38112,-1790,379,134542,4338,Bearish
2020-08-11,44240,37733,1548,-1960,130908,6507,Bullish
2020-08-04,42692,39693,-9159,-1294,128492,2999,Bearish Reversal
2020-07-28,51851,40987,2390,1374,133914,10864,Bullish
2020-07-21,49461,39613,724,2747,128136,9848,Bearish
2020-07-14,48737,36866,-2111,998,124807,11871,Bearish
2020-07-07,50848,35868,-4947,1029,122938,14980,Bearish
2020-06-30,55795,34839,4194,6416,122007,20956,Bearish
2020-06-23,51601,28423,2343,1271,113290,23178,Bullish
2020-06-16,49258,27152,-9695,-32647,109329,22106,Bullish Reversal
2020-06-09,58953,59799,2290,11453,135937,-846,Bearish
2020-06-02,56663,48346,13369,9743,122614,8317,Bullish Reversal
2020-05-26,43294,38603,19026,8351,128952,4691,Bullish
2020-05-19,24268,30252,1777,2641,103425,-5984,Bearish
2020-05-12,22491,27611,-8693,3536,101098,-5120,Bearish
2020-05-05,31184,24075,-1007,365,100220,7109,Bearish Reversal
2020-04-28,32191,23710,6340,-901,103359,8481,Bullish Reversal
2020-04-21,25851,24611,-4075,-1982,105480,1240,Bearish Reversal
2020-04-14,29926,26593,3160,5583,109371,3333,Bearish
2020-04-07,26766,21010,-1669,240,102137,5756,Bearish Reversal
2020-03-31,28435,20770,-12348,1966,102712,7665,Bearish Reversal
2020-03-24,40783,18804,-14780,-2914,110323,21979,Bearish Reversal
2020-03-17,55563,21718,-73813,4889,121964,33845,Bearish Reversal
2020-03-10,129376,16829,-17982,652,224550,112547,Bearish Reversal
2020-03-03,147358,16177,-29478,-10058,233892,131181,Bearish Reversal
2020-02-25,176836,26235,-15509,-12828,276267,150601,Bearish Reversal
2020-02-18,192345,39063,-1595,1449,301797,153282,Bearish Reversal
2020-02-11,193940,37614,-12598,-3752,302445,156326,Bearish Reversal
2020-02-04,206538,41366,-798,4396,308894,165172,Bearish
2020-01-28,207336,36970,-4345,-4740,305928,170366,Bullish
2020-01-21,211681,41710,4554,223,299980,169971,Bullish
2020-01-14,207127,41487,3547,-4775,294039,165640,Bullish
2020-01-07,203580,46262,10511,3459,283332,157318,Bullish
2019-12-31,193069,42803,-9028,-1078,277946,150266,Bearish
2019-12-24,202097,43881,-9553,-15509,274987,158216,Bullish Reversal
2019-12-17,211650,59390,14977,-6642,288786,152260,Bullish Reversal
2019-12-10,196673,66032,621,107,304848,130641,Bullish
2019-12-03,196052,65925,-6482,-960,290980,130127,Bearish Reversal
2019-11-26,202534,66885,-11404,-7232,292397,135649,Bearish Reversal
2019-11-19,213938,74117,-5374,-3158,294412,139821,Bearish Reversal
2019-11-12,219312,77275,-12969,-14604,298167,142037,Bullish Reversal
2019-11-05,232281,91879,17071,5576,299034,140402,Bullish
2019-10-29,215210,86303,22434,6477,280627,128907,Bullish
2019-10-22,192776,79826,21117,21209,254385,112950,Bearish
2019-10-15,171659,58617,11965,14319,233100,113042,Bearish
2019-10-08,159694,44298,-2613,-2197,218266,115396,Bearish
2019-10-01,162307,46495,12436,-10962,215614,115812,Bullish
2019-09-24,149871,57457,14364,3576,199268,92414,Bullish
2019-09-17,135507,53881,8700,22711,187938,81626,Bearish Reversal
2019-09-10,126807,31170,536,-3310,196951,95637,Bullish
2019-09-03,126271,34480,-3720,-2197,187869,91791,Bearish Reversal
2019-08-27,129991,36677,-17551,-506,189136,93314,Bearish Reversal
2019-08-20,147542,37183,-5165,2038,197525,110359,Bearish Reversal
2019-08-13,152707,35145,-8459,-3952,212499,117562,Bearish Reversal
2019-08-06,161166,39097,-3012,3187,222394,122069,Bearish
2019-07-30,164178,35910,1743,-1770,221211,128268,Bullish Reversal
2019-07-23,162435,37680,-6038,-2672,221368,124755,Bearish Reversal
2019-07-16,168473,40352,-12741,-14480,225725,128121,Bullish Reversal
2019-07-09,181214,54832,12682,-5433,244234,126382,Bullish
2019-07-02,168532,60265,14327,21095,236052,108267,Bearish
2019-06-25,154205,39170,10565,12336,216206,115035,Bearish
2019-06-18,143640,26834,1742,-13749,202744,116806,Bullish Reversal
2019-06-11,141898,40583,-30456,-7542,222003,101315,Bearish Reversal
2019-06-04,172354,48125,-41404,-23166,242090,124229,Bearish Reversal
2019-05-28,213758,71291,-4402,-384,274999,142467,Bearish
2019-05-21,218160,71675,3801,5523,271550,146485,Bearish
2019-05-14,214359,66152,-1126,-4644,265513,148207,Bullish
2019-05-07,215485,70796,3068,3118,263669,144689,Bearish
2019-04-30,212417,67678,5028,10994,258551,144739,Bearish
2019-04-23,207389,56684,4851,10176,252304,150705,Bearish
2019-04-16,202538,46508,7895,7302,244360,156030,Bullish
2019-04-09,194643,39206,7945,-4769,234676,155437,Bullish
2019-04-02,186698,43975,-11914,-8303,227327,142723,Bearish Reversal
2019-03-26,198612,52278,14998,-8449,239526,146334,Bullish
2019-03-19,183614,60727,6362,-41429,235008,122887,Bullish Reversal
2019-03-12,177252,102156,310,13632,273064,75096,Bearish
2019-03-05,176942,88524,8411,11940,246641,88418,Bearish
2019-02-26,168531,76584,-1184,1964,236584,91947,Bearish
2019-02-19,169715,74620,10980,-7704,233792,95095,Bullish
2019-02-12,158735,82324,1819,-3125,223535,76411,Bullish
2019-02-05,156916,85449,7610,5586,222193,71467,Bullish
2019-01-29,149306,79863,7398,1474,214141,69443,Bullish
2019-01-22,141908,78389,17410,11156,206199,63519,Bullish
2019-01-15,124498,67233,32100,5817,190187,57265,Bullish
2019-01-08,92398,61416,10138,-11072,160493,30982,Bullish
2018-12-31,82260,72488,17702,11359,151235,9772,Bullish
2018-12-24,64558,61129,14562,10364,137078,3429,Bullish
2018-12-18,49996,50765,-16199,-3988,122610,-769,Bearish Reversal
2018-12-11,66195,54753,1881,-5038,184120,11442,Bullish Reversal
2018-12-04,64314,59791,-13553,-2749,191512,4523,Bearish
2018-11-27,77867,62540,5256,4012,189912,15327,Bullish
2018-11-20,72611,58528,2723,-4073,186030,14083,Bullish Reversal
2018-11-13,69888,62601,2300,2049,186246,7287,Bullish
2018-11-06,67588,60552,-26056,717,184085,7036,Bearish Reversal
2018-10-30,93644,59835,-17927,6291,192330,33809,Bearish Reversal
2018-10-23,111571,53544,-15753,-5205,206270,58027,Bearish Reversal
2018-10-16,127324,58749,511,6385,215138,68575,Bearish
2018-10-09,126813,52364,-8836,-9456,208594,74449,Bullish Reversal
2018-10-02,135649,61820,18334,-4097,217218,73829,Bullish
2018-09-25,117315,65917,5081,-5804,204650,51398,Bullish
2018-09-18,112234,71721,10952,-15025,200192,40513,Bullish Reversal
2018-09-11,101282,86746,-2574,-4591,245043,14536,Bullish
2018-09-04,103856,91337,-2122,4696,220430,12519,Bearish
2018-08-28,105978,86641,-7625,-1292,217019,19337,Bearish
2018-08-21,113603,87933,623,6027,213196,25670,Bearish
2018-08-14,112980,81906,4914,7100,207354,31074,Bearish
2018-08-07,108066,74806,10591,3846,198476,33260,Bullish
2018-07-31,97475,70960,9980,3049,189767,26515,Bullish
2018-07-24,87495,67911,11617,21111,177515,19584,Bearish
2018-07-17,75878,46800,9393,8447,155008,29078,Bullish
2018-07-10,66485,38353,5670,-16547,141886,28132,Bullish Reversal
2018-07-03,60815,54900,-960,-19385,145233,5915,Bullish Reversal
2018-06-26,61775,74285,1459,2704,150501,-12510,Bearish Reversal
2018-06-19,60316,71581,-4607,-15042,156503,-11265,Bullish Reversal
2018-06-12,64923,86623,-5063,5527,214278,-21700,Bearish
2018-06-05,69986,81096,-3246,26200,202098,-11110,Bearish
2018-05-29,73232,54896,-5537,7667,181671,18336,Bearish Reversal
2018-05-22,78769,47229,-7519,13719,184285,31540,Bearish
2018-05-15,86288,33510,-23623,-213,183354,52778,Bearish Reversal
2018-05-08,109911,33723,-19938,-10085,199756,76188,Bearish Reversal
2018-05-01,129849,43808,-10890,-8148,216905,86041,Bearish Reversal
2018-04-24,140739,51956,-14885,-1827,232193,88783,Bearish
2018-04-17,155624,53783,8105,8482,228823,101841,Bearish
2018-04-10,147519,45301,10707,7569,223499,102218,Bullish
2018-04-03,136812,37732,6548,-2745,209945,99080,Bullish
2018-03-27,130264,40477,24394,1452,199947,89787,Bullish
2018-03-20,105870,39025,-8107,11988,182537,66845,Bearish Reversal
2018-03-13,113977,27037,-166,-3811,196223,86940,Bullish
2018-03-06,114143,30848,-6001,3211,192062,83295,Bearish
2018-02-27,120144,27637,-6921,-4607,189222,92507,Bearish Reversal
2018-02-20,127065,32244,4303,6260,196447,94821,Bearish Reversal
2018-02-13,122762,25984,-4888,-8811,196517,96778,Bullish Reversal
2018-02-06,127650,34795,16727,3917,201316,92855,Bullish
2018-01-30,110923,30878,12959,-5931,188829,80045,Bullish
2018-01-23,97964,36809,15174,814,178983,61155,Bullish
2018-01-16,82790,35995,4087,-12911,172511,46795,Bullish Reversal
2018-01-09,78703,48906,-15101,-9840,184250,29797,Bearish Reversal
2018-01-02,93804,58746,6228,7554,193802,35058,Bearish
2017-12-26,87576,51192,-14697,2813,184543,36384,Bearish
2017-12-19,102273,48379,-10110,22172,181925,53894,Bearish Reversal
2017-12-12,112383,26207,-8620,1727,211478,86176,Bearish
2017-12-05,121003,24480,8037,1080,179296,96523,Bullish
2017-11-28,112966,23400,2922,-6258,171485,89566,Bullish Reversal
2017-11-21,110044,29658,17083,-770,179530,80386,Bullish
2017-11-14,92961,30428,4230,-1328,177739,62533,Bullish
2017-11-07,88731,31756,1511,-218,177429,56975,Bullish
2017-10-31,87220,31974,-316,139,177306,55246,Bearish Reversal
2017-10-24,87536,31835,-11400,3966,180527,55701,Bearish Reversal
2017-10-17,98936,27869,-3537,8145,188907,71067,Bearish
2017-10-10,102473,19724,-14979,-8612,188075,82749,Bearish Reversal
2017-10-03,117452,28336,-17169,-22558,204344,89116,Bullish Reversal
2017-09-26,134621,50894,-1717,-8492,219926,83727,Bullish
2017-09-19,136338,59386,-6850,33196,218381,76952,Bearish Reversal
2017-09-12,143188,26190,2137,-1249,258092,116998,Bullish
2017-09-05,141051,27439,5502,-11100,240705,113612,Bullish Reversal
2017-08-29,135549,38539,-2307,-1699,246509,97010,Bearish
2017-08-22,137856,40238,6956,4187,243849,97618,Bullish
2017-08-15,130900,36051,232,11820,237589,94849,Bearish
2017-08-08,130668,24231,482,7594,218908,106437,Bearish
2017-08-01,130186,16637,111,-548,214358,113549,Bullish
2017-07-25,130075,17185,-80,-431,212346,112890,Bullish
2017-07-18,130155,17616,4864,-9816,209717,112539,Bullish Reversal
2017-07-11,125291,27432,5883,-7117,213241,97859,Bullish
2017-07-03,119408,34549,-6611,-10463,210730,84859,Bullish Reversal
2017-06-27,126019,45012,360,-31662,212815,81007,Bullish Reversal
2017-06-20,125659,76674,2191,49020,217481,48985,Bearish Reversal
2017-06-13,123468,27654,7867,-3126,233490,95814,Bullish
2017-06-06,115601,30780,3122,-6697,207116,84821,Bullish
2017-05-30,112479,37477,13870,-6834,206058,75002,Bullish Reversal
2017-05-23,98609,44311,5923,21679,211110,54298,Bearish
2017-05-16,92686,22632,172,21,183857,70054,Bullish
2017-05-09,92514,22611,1372,-53416,179886,69903,Bullish
2017-05-02,91142,76027,-547,376,177326,15115,Bearish Reversal
2017-04-25,91689,75651,-5338,-7132,177359,16038,Bullish Reversal
2017-04-18,97027,82783,10214,-16705,195575,14244,Bullish Reversal
2017-04-11,86813,99488,5834,8821,205663,-12675,Bearish
2017-04-04,80979,90667,8251,13202,199099,-9688,Bearish
2017-03-28,72728,77465,14998,16454,191438,-4737,Bearish
2017-03-21,57730,61011,6459,4273,176764,-3281,Bullish
2017-03-14,51271,56738,12564,-24727,169900,-5467,Bullish Reversal
2017-03-07,38707,81465,-350,-3375,209454,-42758,Bullish
2017-02-28,39057,84840,3932,-6766,194858,-45783,Bullish
2017-02-21,35125,91606,4854,1122,193415,-56481,Bullish
2017-02-14,30271,90484,-958,767,190028,-60213,Bearish
2017-02-07,31229,89717,5229,509,189464,-58488,Bullish
2017-01-31,26000,89208,-6133,-7579,184327,-63208,Bullish Reversal
2017-01-24,32133,96787,9560,893,191470,-64654,Bullish
2017-01-17,22573,95894,-1305,240,177433,-73321,Bearish
2017-01-10,23878,95654,1599,7739,174390,-71776,Bearish
2017-01-03,22279,87915,868,4847,151563,-65636,Bearish
2016-12-27,21411,83068,605,-4419,143192,-61657,Bullish
2016-12-20,20806,87487,1805,10827,139166,-66681,Bearish Reversal
2016-12-13,19001,76660,382,3975,155718,-57659,Bearish
2016-12-06,18619,72685,-695,-1129,151640,-54066,Bullish Reversal
2016-11-29,19314,73814,-570,5616,155401,-54500,Bearish
2016-11-22,19884,68198,-2240,921,154976,-48314,Bearish
2016-11-15,22124,67277,-3174,8983,153771,-45153,Bearish
2016-11-08,25298,58294,-5540,-9016,148866,-32996,Bullish Reversal
2016-11-01,30838,67310,2161,13290,157048,-36472,Bearish
2016-10-25,28677,54020,-4687,-10063,139555,-25343,Bullish
2016-10-18,33364,64083,-4696,-25769,129729,-30719,Bullish Reversal
2016-10-11,38060,89852,15702,-18398,135977,-51792,Bullish Reversal
2016-10-04,22358,108250,-2507,-2488,157510,-85892,Bearish Reversal
2016-09-27,24865,110738,4339,870,160243,-85873,Bullish
2016-09-20,20526,109868,596,24191,153278,-89342,Bearish Reversal
2016-09-13,19930,85677,3140,10488,168729,-65747,Bearish
2016-09-06,16790,75189,-3058,22107,162430,-58399,Bearish
2016-08-30,19848,53082,-6997,-2304,114101,-33234,Bearish
2016-08-23,26845,55386,2303,-14879,113732,-28541,Bullish Reversal
2016-08-16,24542,70265,4579,-4060,120749,-45723,Bullish Reversal
2016-08-09,19963,74325,-3952,-1713,127632,-54362,Bearish Reversal
2016-08-02,23915,76038,-199,5362,128186,-52123,Bearish
2016-07-26,24114,70676,-561,6635,119753,-46562,Bearish
2016-07-19,24675,64041,-3973,-1779,103432,-39366,Bearish
2016-07-12,28648,65820,4410,-3275,97361,-37172,Bullish Reversal
2016-07-05,24238,69095,10848,-9622,103117,-44857,Bullish Reversal
2016-06-28,13390,78717,-119,-3672,109440,-65327,Bullish Reversal
2016-06-21,13509,82389,-3385,-124,111143,-68880,Bearish
2016-06-14,16894,82513,-5495,815,110890,-65619,Bearish Reversal
2016-06-07,22389,81698,2196,5890,142333,-59309,Bearish Reversal
2016-05-31,20193,75808,-6824,1331,143577,-55615,Bearish
2016-05-24,27017,74477,1798,3567,138084,-47460,Bearish
2016-05-17,25219,70910,9070,9541,134805,-45691,Bearish
2016-05-10,16149,61369,-19604,13196,128911,-45220,Bearish
2016-05-03,35753,48173,1151,-5744,116533,-12420,Bullish Reversal
2016-04-26,34602,53917,-9323,-4417,117178,-19315,Bearish Reversal
2016-04-19,43925,58334,3407,-28775,126511,-14409,Bullish Reversal
2016-04-12,40518,87109,-346,14367,153572,-46591,Bearish
2016-04-05,40864,72742,7859,-1059,113872,-31878,Bullish
2016-03-29,33005,73801,4455,-445,109067,-40796,Bullish
2016-03-22,28550,74246,5510,6169,105395,-45696,Bearish
2016-03-15,23040,68077,2599,-9918,97456,-45037,Bullish Reversal
2016-03-08,20441,77995,-4753,-3672,139105,-57554,Bearish Reversal
2016-03-01,25194,81667,-4955,-1341,141104,-56473,Bearish Reversal
2016-02-23,30149,83008,8704,-15822,145631,-52859,Bullish Reversal
2016-02-16,21445,98830,-20287,10576,161403,-77385,Bearish
2016-02-09,41732,88254,16774,-15298,155692,-46522,Bullish Reversal
2016-02-02,24958,103552,-3529,-1542,166295,-78594,Bearish Reversal
2016-01-26,28487,105094,-1874,-1270,167763,-76607,Bearish Reversal
2016-01-19,30361,106364,946,2934,171971,-76003,Bearish
2016-01-12,29415,103430,-4479,7548,148683,-74015,Bearish
2016-01-05,33894,95882,3328,7929,143374,-61988,Bearish
2015-12-29,30566,87953,1830,2498,139756,-57387,Bearish
2015-12-22,28736,85455,-6043,-9696,137854,-56719,Bullish Reversal
2015-12-15,34779,95151,-10447,25544,144451,-60372,Bearish Reversal
2015-12-08,45226,69607,-3748,-4832,199890,-24381,Bullish
2015-12-01,48974,74439,-1349,-5145,186826,-25465,Bullish Reversal
2015-11-24,50323,79584,8888,-114,189063,-29261,Bullish
2015-11-17,41435,79698,-2430,16998,181499,-38263,Bearish
2015-11-10,43865,62700,-8232,9868,158543,-18835,Bearish
2015-11-03,52097,52832,19,671,148844,-735,Bearish
2015-10-27,52078,52161,1451,918,136629,-83,Bullish
2015-10-20,50627,51243,3216,-311,119955,-616,Bullish
2015-10-13,47411,51554,-3531,-4631,116418,-4143,Bullish Reversal
2015-10-06,50942,56185,19666,-19542,119424,-5243,Bullish Reversal
2015-09-29,31276,75727,-16350,15745,142517,-44451,Bearish
2015-09-22,47626,59982,25877,-17052,126544,-12356,Bullish Reversal
2015-09-15,21749,77034,-1131,-16797,130555,-55285,Bullish Reversal
2015-09-08,22880,93831,1527,-4459,188237,-70951,Bullish Reversal
2015-09-01,21353,98290,952,-5164,191019,-76937,Bullish Reversal
2015-08-25,20401,103454,-4228,18398,196090,-83053,Bearish
2015-08-18,24629,85056,6466,-3676,171467,-60427,Bullish Reversal
2015-08-11,18163,88732,-4427,-15906,173781,-70569,Bullish Reversal
2015-08-04,22590,104638,744,-6051,191087,-82048,Bullish Reversal
2015-07-28,21846,110689,475,7894,196328,-88843,Bearish
2015-07-21,21371,102795,1406,10112,189662,-81424,Bearish
2015-07-14,19965,92683,-4102,-3799,153639,-72718,Bearish
2015-07-07,24067,96482,-11984,21672,140418,-72415,Bearish
2015-06-30,36051,74810,-3351,7541,111471,-38759,Bearish Reversal
2015-06-23,39402,67269,11157,-13466,111876,-27867,Bullish Reversal
2015-06-16,28245,80735,-357,1001,133660,-52490,Bearish Reversal
2015-06-09,28602,79734,-5381,624,179026,-51132,Bearish
2015-06-02,33983,79110,10040,22651,152809,-45127,Bearish
2015-05-26,23943,56459,237,1422,129030,-32516,Bearish
2015-05-19,23706,55037,-10321,-6029,127349,-31331,Bearish Reversal
2015-05-12,34027,61066,9981,-13096,135526,-27039,Bullish Reversal
2015-05-05,24046,74162,-13957,12768,146418,-50116,Bearish
2015-04-28,38003,61394,-12340,-2624,138497,-23391,Bearish
2015-04-21,50343,64018,-13178,8858,118074,-13675,Bearish Reversal
2015-04-14,63521,55160,21336,-9950,130501,8361,Bullish Reversal
2015-04-07,42185,65110,-1104,-8468,151072,-22925,Bullish Reversal
2015-03-31,43289,73578,8245,-2566,157688,-30289,Bullish
2015-03-24,35044,76144,11342,-3497,150320,-41100,Bullish
2015-03-17,23702,79641,-6920,13372,135144,-55939,Bearish Reversal
2015-03-10,30622,66269,-792,-8552,185039,-35647,Bullish
2015-03-03,31414,74821,-2691,-7628,178057,-43407,Bullish Reversal
2015-02-24,34105,82449,5232,8131,180506,-48344,Bearish
2015-02-17,28873,74318,3182,-608,175704,-45445,Bullish
2015-02-10,25691,74926,2092,3090,174861,-49235,Bearish
2015-02-03,23599,71836,-3140,524,161412,-48237,Bearish
2015-01-27,26739,71312,7722,6032,153115,-44573,Bullish
2015-01-20,19017,65280,1712,-6320,148671,-46263,Bullish
2015-01-13,17305,71600,-1362,-11518,131155,-54295,Bullish
2015-01-06,18667,83118,2789,3435,131121,-64451,Bearish
2014-12-30,15878,79683,-1433,-998,129467,-63805,Bearish Reversal
2014-12-23,17311,80681,-8532,2082,130728,-63370,Bearish Reversal
2014-12-16,25843,78599,-6273,-2111,137628,-52756,Bearish Reversal
2014-12-09,32116,80710,1906,7496,213159,-48594,Bearish
2014-12-02,30210,73214,3824,14276,191208,-43004,Bearish
2014-11-25,26386,58938,-4919,-1401,176125,-32552,Bearish
2014-11-18,31305,60339,1912,1272,167389,-29034,Bullish
2014-11-11,29393,59067,-825,2259,167364,-29674,Bearish
2014-11-04,30218,56808,3386,3133,159857,-26590,Bullish
2014-10-28,26832,53675,-3255,2464,144016,-26843,Bearish
2014-10-21,30087,51211,-9711,5650,138193,-21124,Bearish Reversal
2014-10-14,39798,45561,-3983,-5803,139036,-5763,Bullish Reversal
2014-10-07,43781,51364,-5083,-4814,147139,-7583,Bearish Reversal
2014-09-30,48864,56178,-9414,8404,148678,-7314,Bearish Reversal
2014-09-23,58278,47774,-11152,390,151319,10504,Bearish
2014-09-16,69430,47384,-1591,14881,134445,22046,Bearish Reversal
2014-09-09,71021,32503,-4423,-3777,155265,38518,Bearish
2014-09-02,75444,36280,3764,1270,144255,39164,Bullish
2014-08-26,71680,35010,15473,-8790,141665,36670,Bullish
2014-08-19,56207,43800,4274,-8174,141175,12407,Bullish Reversal
2014-08-12,51933,51974,-25602,6872,154694,-41,Bearish
2014-08-05,77535,45102,-23016,21666,143236,32433,Bearish Reversal
2014-07-29,100551,23436,1728,3747,145184,77115,Bearish
2014-07-22,98823,19689,12116,2619,142254,79134,Bullish
2014-07-15,86707,17070,3930,3104,131108,69637,Bullish
2014-07-08,82777,13966,-2610,-1859,126231,68811,Bearish Reversal
2014-07-01,85387,15825,444,-149,129425,69562,Bullish
2014-06-24,84943,15974,-6284,-6178,128333,68969,Bearish Reversal
2014-06-17,91227,22152,-15339,5789,135017,69075,Bearish Reversal
2014-06-10,106566,16363,900,-3287,200202,90203,Bullish
2014-06-03,105666,19650,3858,1143,162647,86016,Bullish
2014-05-27,101808,18507,9078,3043,157626,83301,Bullish
2014-05-20,92730,15464,6593,-2051,154795,77266,Bullish
2014-05-13,86137,17515,18474,-2264,149209,68622,Bullish
2014-05-06,67663,19779,-410,1324,146455,47884,Bearish
2014-04-29,68073,18455,-256,3637,128100,49618,Bearish Reversal
2014-04-22,68329,14818,-2709,-1983,128932,53511,Bearish Reversal
2014-04-15,71038,16801,667,2931,131412,54237,Bearish
2014-04-08,70371,13870,20478,-14239,130331,56501,Bullish Reversal
2014-04-01,49893,28109,27124,3686,145270,21784,Bullish
2014-03-25,22769,24423,3449,3833,115858,-1654,Bearish
2014-03-18,19320,20590,6581,-396,111057,-1270,Bullish Reversal
2014-03-11,12739,20986,4509,-7994,166949,-8247,Bullish
2014-03-04,8230,28980,-1741,-2560,126885,-20750,Bullish Reversal
2014-02-25,9971,31540,1877,134,128542,-21569,Bullish Reversal
2014-02-18,8094,31406,-1588,-12216,131097,-23312,Bullish
2014-02-11,9682,43622,-4012,-4587,127225,-33940,Bullish Reversal
2014-02-04,13694,48209,-7036,-7837,131832,-34515,Bullish Reversal
2014-01-28,20730,56046,-6009,25679,133035,-35316,Bearish
2014-01-21,26739,30367,-5756,11589,121142,-3628,Bearish
2014-01-14,32495,18778,-5954,-2064,112998,13717,Bearish Reversal
2014-01-07,38449,20842,575,-1427,117008,17607,Bullish
2013-12-31,37874,22269,-9332,-4759,116803,15605,Bearish Reversal
2013-12-24,47206,27028,6796,2268,123733,20178,Bullish
2013-12-17,40410,24760,458,7338,114614,15650,Bearish Reversal
2013-12-10,39952,17422,12291,-1306,155227,22530,Bullish
2013-12-03,27661,18728,-10847,-7317,121461,8933,Bearish Reversal
2013-11-26,38508,26045,-2056,-4980,127570,12463,Bullish Reversal
2013-11-19,40564,31025,7950,5428,130109,9539,Bullish
2013-11-12,32614,25597,3140,1303,122171,7017,Bullish
2013-11-05,29474,24294,1739,1455,116072,5180,Bullish
2013-10-29,27735,22839,-1041,1277,114506,4896,Bearish Reversal
2013-10-22,28776,21562,5062,5609,115334,7214,Bearish
2013-10-15,23714,15953,-3570,-398,106314,7761,Bearish Reversal
2013-10-08,27284,16351,-9877,-6209,107975,10933,Bearish Reversal
2013-10-01,37161,22560,-10726,-11304,119788,14601,Bullish Reversal
2013-09-24,47887,33864,19408,-4816,130157,14023,Bullish
2013-09-17,28479,38680,-4274,14206,111475,-10201,Bearish Reversal
2013-09-10,32753,24474,-1008,-8599,145125,8279,Bullish
2013-09-03,33761,33073,-8015,-1505,107974,688,Bearish Reversal
2013-08-27,41776,34578,-19459,9474,109461,7198,Bearish
2013-08-20,61235,25104,-5664,-5475,94485,36131,Bearish Reversal
2013-08-13,66899,30579,4669,474,99846,36320,Bullish
2013-08-06,62230,30105,1181,-6056,94275,32125,Bullish Reversal
2013-07-30,61049,36161,5548,459,97135,24888,Bullish
2013-07-23,55501,35702,14692,6259,93757,19799,Bullish
2013-07-16,40809,29443,9527,6196,78638,11366,Bullish
2013-07-09,31282,23247,3766,-1422,68551,8035,Bullish
2013-07-02,27516,24669,-3552,-1418,64863,2847,Bearish Reversal
2013-06-25,31068,26087,-11939,4029,67796,4981,Bearish
2013-06-18,43007,22058,-28847,13978,63895,20949,Bearish Reversal
2013-06-11,71854,8080,-22776,-3679,119757,63774,Bearish Reversal
2013-06-04,94630,11759,-31500,6493,126313,82871,Bearish Reversal
2013-05-28,126130,5266,-14319,1680,150465,120864,Bearish Reversal
2013-05-21,140449,3586,-4890,-1434,162789,136863,Bearish Reversal
2013-05-14,145339,5020,1263,-612,168040,140319,Bullish
2013-05-07,144076,5632,-1856,-1749,167659,138444,Bearish Reversal
2013-04-30,145932,7381,-5370,2990,170606,138551,Bearish Reversal
2013-04-23,151302,4391,-8122,-3745,177502,146911,Bearish Reversal
2013-04-16,159424,8136,7640,-1106,179491,151288,Bullish
2013-04-09,151784,9242,-10401,-10188,172646,142542,Bearish Reversal
2013-04-02,162185,19430,11443,-3150,182880,142755,Bullish
2013-03-26,150742,22580,17806,-980,172805,128162,Bullish
2013-03-19,132936,23560,12460,16854,156281,109376,Bearish Reversal
2013-03-12,120476,6706,17480,-2769,192764,113770,Bullish
2013-03-05,102996,9475,-17405,-6122,160919,93521,Bearish Reversal
2013-02-26,120401,15597,-4212,7149,173806,104804,Bearish
2013-02-19,124613,8448,-7002,1412,173204,116165,Bearish
2013-02-12,131615,7036,-18880,-1957,169726,124579,Bearish Reversal
2013-02-05,150495,8993,-6367,1002,181131,141502,Bearish Reversal
2013-01-29,156862,7991,-3047,-1881,187078,148871,Bearish Reversal
2013-01-22,159909,9872,-634,994,189952,150037,Bearish Reversal
2013-01-15,160543,8878,12250,108,190902,151665,Bullish
2013-01-08,148293,8770,-1331,898,185211,139523,Bearish Reversal
2012-12-31,149624,7872,-7714,-111,186181,141752,Bearish Reversal
2012-12-24,157338,7983,-12075,-13681,200460,149355,Bullish Reversal
2012-12-18,169413,21664,14117,15639,212190,147749,Bearish Reversal
2012-12-11,155296,6025,28339,-1970,251887,149271,Bullish
2012-12-04,126957,7995,25467,363,190751,118962,Bullish
2012-11-27,101490,7632,5039,-2032,173160,93858,Bullish
2012-11-20,96451,9664,-6466,3741,165940,86787,Bearish Reversal
2012-11-13,102917,5923,-17306,122,170011,96994,Bearish Reversal
2012-11-06,120223,5801,-10401,1186,189659,114422,Bearish Reversal
2012-10-30,130624,4615,-6056,337,202456,126009,Bearish Reversal
2012-10-23,136680,4278,-3107,-53,207606,132402,Bearish Reversal
2012-10-16,139787,4331,395,1331,208782,135456,Bearish Reversal
2012-10-09,139392,3000,1406,879,209257,136392,Bullish Reversal
2012-10-02,137986,2121,-9259,-3868,209964,135865,Bearish Reversal
2012-09-25,147245,5989,6870,-16239,220035,141256,Bullish
2012-09-18,140375,22228,13207,17303,214921,118147,Bearish Reversal
2012-09-11,127168,4925,25671,-5691,309244,122243,Bullish
2012-09-04,101497,10616,-2742,1003,222655,90881,Bearish
2012-08-28,104239,9613,-2901,454,221529,94626,Bearish Reversal
2012-08-21,107140,9159,11324,-3146,222772,97981,Bullish
2012-08-14,95816,12305,13915,-218,206996,83511,Bullish
2012-08-07,81901,12523,12359,-9463,181520,69378,Bullish
2012-07-31,69542,21986,3557,5663,170977,47556,Bearish
2012-07-24,65985,16323,5213,-9460,164597,49662,Bullish
2012-07-17,60772,25783,12205,2438,159971,34989,Bullish
2012-07-10,48567,23345,7963,216,142469,25222,Bullish
2012-07-03,40604,23129,8414,-16708,132669,17475,Bullish
2012-06-26,32190,39837,9389,2362,121524,-7647,Bullish
2012-06-19,22801,37475,3375,-3955,109795,-14674,Bullish Reversal
2012-06-12,19426,41430,8428,36,198616,-22004,Bullish
2012-06-05,10998,41394,-13874,3527,192370,-30396,Bearish
2012-05-29,24872,37867,2457,-664,187458,-12995,Bullish Reversal
2012-05-22,22415,38531,-13442,17119,189254,-16116,Bearish
2012-05-15,35857,21412,-17523,4960,174386,14445,Bearish
2012-05-08,53380,16452,-4527,590,160169,36928,Bearish
2012-05-01,57907,15862,-637,-2474,156499,42045,Bullish Reversal
2012-04-24,58544,18336,-5304,589,162405,40208,Bearish Reversal
2012-04-17,63848,17747,-20752,1747,167618,46101,Bearish Reversal
2012-04-10,84600,16000,-7144,8759,174230,68600,Bearish Reversal
2012-04-03,91744,7241,-156,-1826,175692,84503,Bullish Reversal
2012-03-27,91900,9067,4418,-54086,178551,82833,Bullish
2012-03-20,87482,63153,1033,55596,174691,24329,Bearish Reversal
2012-03-13,86449,7557,1935,-10610,247777,78892,Bullish
2012-03-06,84514,18167,10704,5107,207994,66347,Bullish
2012-02-28,73810,13060,11035,-290,189778,60750,Bullish
2012-02-21,62775,13350,10314,2128,173082,49425,Bullish
2012-02-14,52461,11222,7847,715,159768,41239,Bullish
2012-02-07,44614,10507,424,-12202,145645,34107,Bullish Reversal
2012-01-31,44190,22709,7678,-6385,150567,21481,Bullish
2012-01-24,36512,29094,12293,-12453,142514,7418,Bullish
2012-01-17,24219,41547,-928,-5932,130393,-17328,Bullish
2012-01-10,25147,47479,3074,-423,123845,-22332,Bullish
2012-01-03,22073,47902,3845,3989,121622,-25829,Bearish
2011-12-27,18228,43913,-1949,4934,117370,-25685,Bearish
2011-12-20,20177,38979,2568,-1524,116352,-18802,Bullish Reversal
2011-12-13,17609,40503,-610,1422,125833,-22894,Bearish Reversal
2011-12-06,18219,39081,11680,-3698,130231,-20862,Bullish
2011-11-29,6539,42779,373,5031,120894,-36240,Bearish
2011-11-22,6166,37748,-11692,4869,116535,-31582,Bearish
2011-11-15,17858,32879,4771,1725,105696,-15021,Bullish
2011-11-08,13087,31154,2892,-5629,98340,-18067,Bullish Reversal
2011-11-01,10195,36783,35,-432,105956,-26588,Bullish
2011-10-25,10160,37215,1862,4788,96313,-27055,Bearish
2011-10-18,8298,32427,901,152,90949,-24129,Bullish
2011-10-11,7397,32275,493,-60,88822,-24878,Bullish Reversal
2011-10-04,6904,32335,-3307,1498,89418,-25431,Bearish
2011-09-27,10211,30837,1960,5696,83098,-20626,Bearish
2011-09-20,8251,25141,-12688,2993,76010,-16890,Bearish Reversal
2011-09-13,20939,22148,-13224,1231,119075,-1209,Bearish
2011-09-06,34163,20917,-6791,843,111130,13246,Bearish Reversal
2011-08-30,40954,20074,388,1343,111355,20880,Bearish Reversal
2011-08-23,40566,18731,-103,696,114424,21835,Bearish
2011-08-16,40669,18035,-16243,2416,110017,22634,Bearish Reversal
2011-08-09,56912,15619,-39245,7946,117845,41293,Bearish Reversal
2011-08-02,96157,7673,-7131,-3702,130240,88484,Bearish Reversal
2011-07-26,103288,11375,2979,332,137823,91913,Bullish
2011-07-19,100309,11043,-11221,-2040,135263,89266,Bearish Reversal
2011-07-12,111530,13083,22038,6535,145774,98447,Bullish
2011-07-05,89492,6548,29659,-7208,125229,82944,Bullish
2011-06-28,59833,13756,1305,-3349,98930,46077,Bullish
2011-06-21,58528,17105,-7564,-824,98383,41423,Bearish Reversal
2011-06-14,66092,17929,-29413,12622,110231,48163,Bearish Reversal
2011-06-07,95505,5307,-16309,1761,150067,90198,Bearish
2011-05-31,111814,3546,-1405,-992,142530,108268,Bearish Reversal
2011-05-24,113219,4538,908,-2861,147410,108681,Bullish Reversal
2011-05-17,112311,7399,-10781,2372,147582,104912,Bearish Reversal
2011-05-10,123092,5027,-4903,1292,158386,118065,Bearish Reversal
2011-05-03,127995,3735,-10521,-2975,162963,124260,Bearish Reversal
2011-04-26,138516,6710,-4296,-1973,170977,131806,Bearish Reversal
2011-04-19,142812,8683,11124,1841,174299,134129,Bullish
2011-04-12,131688,6842,5274,-510,166619,124846,Bullish
2011-04-05,126414,7352,34726,3739,158825,119062,Bullish
2011-03-29,91688,3613,2042,1515,129361,88075,Bullish
2011-03-22,89646,2098,-41006,-6979,127075,87548,Bearish Reversal
2011-03-15,130652,9077,11840,3430,161361,121575,Bullish
2011-03-08,118812,5647,17275,1312,157775,113165,Bullish
2011-03-01,101537,4335,-16911,163,134821,97202,Bearish Reversal
2011-02-22,118448,4172,1556,-3624,149855,114276,Bullish Reversal
2011-02-15,116892,7796,-5723,-11007,149874,109096,Bullish Reversal
2011-02-08,122615,18803,-928,-1623,151871,103812,Bullish
2011-02-01,123543,20426,8564,692,151734,103117,Bullish
2011-01-25,114979,19734,6113,1070,142786,95245,Bullish
2011-01-18,108866,18664,7156,526,135242,90202,Bullish
2011-01-11,101710,18138,10338,1076,127917,83572,Bullish
2011-01-04,91372,17062,-5292,2644,118786,74310,Bearish Reversal
2010-12-28,96664,14418,7598,3354,125232,82246,Bullish
2010-12-21,89066,11064,1372,538,116332,78002,Bullish Reversal
2010-12-14,87694,10526,9592,-8094,116794,77168,Bullish Reversal
2010-12-07,78102,18620,-19097,327,143823,59482,Bearish
2010-11-30,97199,18293,-13917,-5577,134618,78906,Bearish Reversal
2010-11-23,111116,23870,-4423,1548,150782,87246,Bearish
2010-11-16,115539,22322,992,-3479,147623,93217,Bullish
2010-11-09,114547,25801,10025,3551,146142,88746,Bullish
2010-11-02,104522,22250,852,-1277,135871,82272,Bullish Reversal
2010-10-26,103670,23527,-887,1095,136899,80143,Bearish Reversal
2010-10-19,104557,22432,-4300,-207,137858,82125,Bearish Reversal
2010-10-12,108857,22639,2688,2234,141728,86218,Bullish
2010-10-05,106169,20405,16857,-2316,139575,85764,Bullish
2010-09-28,89312,22721,47902,7687,123581,66591,Bullish
2010-09-21,41410,15034,5719,-5700,78416,26376,Bullish
2010-09-14,35691,20734,-2546,-3439,75894,14957,Bullish Reversal
2010-09-07,38237,24173,-494,6446,102861,14064,Bearish
2010-08-31,38731,17727,-29640,8726,91104,21004,Bearish Reversal
2010-08-24,68371,9001,-12816,-1633,101768,59370,Bearish Reversal
2010-08-17,81187,10634,563,2379,111732,70553,Bearish
2010-08-10,80624,8255,18121,893,110281,72369,Bullish
2010-08-03,62503,7362,10719,896,92249,55141,Bullish
2010-07-27,51784,6466,8233,-1199,80209,45318,Bullish
2010-07-20,43551,7665,6721,-1030,72072,35886,Bullish
2010-07-13,36830,8695,5972,562,64215,28135,Bullish
2010-07-06,30858,8133,-14854,4917,61340,22725,Bearish Reversal
2010-06-29,45712,3216,4915,-1942,66846,42496,Bullish
2010-06-22,40797,5158,7383,41,60656,35639,Bullish
2010-06-15,33414,5117,9165,-1706,52676,28297,Bullish Reversal
2010-06-08,24249,6823,-1893,454,88262,17426,Bearish
2010-06-01,26142,6369,-8061,1023,79114,19773,Bearish Reversal
2010-05-25,34203,5346,-7834,-989,85238,28857,Bearish Reversal
2010-05-18,42037,6335,-5470,786,85778,35702,Bearish Reversal
2010-05-11,47507,5549,-44162,-3077,95941,41958,Bearish Reversal
2010-05-04,91669,8626,-15887,-889,118206,83043,Bearish Reversal
2010-04-27,107556,9515,-11421,690,127916,98041,Bearish Reversal
2010-04-20,118977,8825,-1243,831,139644,110152,Bearish Reversal
2010-04-13,120220,7994,1987,971,140209,112226,Bullish
2010-04-06,118233,7023,4863,3251,136399,111210,Bullish
2010-03-30,113370,3772,-1316,-1052,131061,109598,Bearish Reversal
2010-03-23,114686,4824,5024,-1584,132840,109862,Bullish
2010-03-16,109662,6408,6869,-2911,127293,103254,Bullish Reversal
2010-03-09,102793,9319,11382,-2313,168073,93474,Bullish
2010-03-02,91411,11632,23565,1131,118640,79779,Bullish
2010-02-23,67846,10501,24417,1536,101026,57345,Bullish
2010-02-16,43429,8965,1101,-1089,89170,34464,Bullish
2010-02-09,42328,10054,-10669,-290,85916,32274,Bearish Reversal
2010-02-02,52997,10344,-14136,1350,93172,42653,Bearish Reversal
2010-01-26,67133,8994,-19957,1151,97398,58139,Bearish Reversal
2010-01-19,87090,7843,5485,2135,112382,79247,Bullish
2010-01-12,81605,5708,12264,-1646,104662,75897,Bullish
2010-01-05,69341,7354,-1051,1595,96759,61987,Bearish
2009-12-29,70392,5759,-8186,179,96720,64633,Bearish Reversal
2009-12-22,78578,5580,-19153,-589,103531,72998,Bearish Reversal
2009-12-15,97731,6169,-15897,-1276,114996,91562,Bearish Reversal
2009-12-08,113628,7445,6237,439,172511,106183,Bullish
2009-12-01,107391,7006,9317,-1802,126085,100385,Bullish
2009-11-24,98074,8808,32953,-1005,116667,89266,Bullish
2009-11-17,65121,9813,15900,1042,83174,55308,Bullish
2009-11-09,49221,8771,-17607,1870,67557,40450,Bearish Reversal
2009-11-03,66828,6901,-6826,42,82289,59927,Bearish Reversal
2009-10-27,73654,6859,9741,-1870,90873,66795,Bullish
2009-10-20,63913,8729,31698,-15537,83524,55184,Bullish
2009-10-13,32215,24266,7183,-21319,58033,7949,Bullish Reversal
2009-10-06,25032,45585,-896,8798,66272,-20553,Bearish
2009-09-29,25928,36787,-3285,11875,58508,-10859,Bearish
2009-09-22,29213,24912,2624,-2969,50435,4301,Bullish Reversal
2009-09-15,26589,27881,-552,4804,51097,-1292,Bearish Reversal
2009-09-08,27141,23077,-17618,8365,75528,4064,Bearish Reversal
2009-09-01,44759,14712,-34791,6005,78153,30047,Bearish Reversal
2009-08-25,79550,8707,7183,753,99277,70843,Bullish
2009-08-18,72367,7954,15101,-850,89816,64413,Bullish
2009-08-11,57266,8804,11916,-615,77773,48462,Bullish
2009-08-04,45350,9419,5336,-388,62079,35931,Bullish
2009-07-28,40014,9807,16837,-2155,56665,30207,Bullish
2009-07-21,23177,11962,-4443,-2044,43086,11215,Bearish Reversal
2009-07-14,27620,14006,-21149,4257,45901,13614,Bearish Reversal
2009-07-07,48769,9749,8413,-1656,61934,39020,Bullish
2009-06-30,40356,11405,14282,578,54055,28951,Bullish
2009-06-23,26074,10827,2463,-43,40150,15247,Bullish
2009-06-16,23611,10870,-2026,-959,38677,12741,Bearish Reversal
2009-06-09,25637,11829,-6460,5120,58287,13808,Bearish
2009-06-02,32097,6709,745,-839,50823,25388,Bullish
2009-05-26,31352,7548,2812,137,50269,23804,Bullish
2009-05-19,28540,7411,-1938,-1599,47350,21129,Bearish Reversal
2009-05-12,30478,9010,5734,3171,48168,21468,Bullish
2009-05-05,24744,5839,-10412,-186,47511,18905,Bearish Reversal
2009-04-28,35156,6025,-1251,-275,59521,29131,Bearish
2009-04-21,36407,6300,16372,-1037,57092,30107,Bullish
2009-04-14,20035,7337,2742,-4384,42647,12698,Bullish Reversal
2009-04-07,17293,11721,4401,-4137,43610,5572,Bullish Reversal
2009-03-31,12892,15858,453,2289,44418,-2966,Bearish
2009-03-24,12439,13569,3261,-3079,43726,-1130,Bullish Reversal
2009-03-17,9178,16648,3955,-4730,47497,-7470,Bullish Reversal
2009-03-10,5223,21378,473,-633,60408,-16155,Bullish
2009-03-03,4750,22011,-540,2441,48835,-17261,Bearish
2009-02-24,5290,19570,-771,1877,46055,-14280,Bearish
2009-02-17,6061,17693,-1516,-1531,44972,-11632,Bullish Reversal
2009-02-10,7577,19224,899,2836,46419,-11647,Bearish
2009-02-03,6678,16388,1187,-5,42781,-9710,Bullish
2009-01-27,5491,16393,-180,1869,30762,-10902,Bearish
2009-01-20,5671,14524,-272,4323,24625,-8853,Bearish
2009-01-13,5943,10201,-846,2998,18232,-4258,Bearish
2009-01-06,6789,7203,29,-197,16211,-414,Bullish
2008-12-30,6760,7400,-69,2372,15442,-640,Bearish
2008-12-22,6829,5028,829,1314,13423,1801,Bearish
2008-12-16,6000,3714,1257,-404,10927,2286,Bullish Reversal
2008-12-09,4743,4118,601,-1922,42263,625,Bullish
2008-12-02,4142,6040,334,217,41175,-1898,Bullish Reversal
2008-11-25,3808,5823,-582,498,41586,-2015,Bearish
2008-11-18,4390,5325,651,-749,40790,-935,Bullish Reversal
2008-11-11,3739,6074,393,-1831,41277,-2335,Bullish Reversal
2008-11-04,3346,7905,-124,1470,43809,-4559,Bearish
2008-10-28,3470,6435,-2276,1118,42793,-2965,Bearish Reversal
2008-10-21,5746,5317,-2548,124,43587,429,Bearish Reversal
2008-10-14,8294,5193,-7989,-1155,44963,3101,Bearish Reversal
2008-10-07,16283,6348,-1937,144,50572,9935,Bearish Reversal
2008-09-30,18220,6204,3722,-1865,55055,12016,Bullish
2008-09-23,14498,8069,-10316,563,48558,6429,Bearish Reversal
2008-09-16,24814,7506,-7940,231,50220,17308,Bearish Reversal
2008-09-09,32754,7275,-18250,-152,88224,25479,Bearish Reversal
2008-09-02,51004,7427,-8395,1896,104660,43577,Bearish Reversal
2008-08-26,59399,5531,251,-3302,107142,53868,Bullish
2008-08-19,59148,8833,-899,-690,106247,50315,Bearish
2008-08-12,60047,9523,-22170,-401,105696,50524,Bearish Reversal
2008-08-05,82217,9924,-8328,-1853,113239,72293,Bearish
2008-07-29,90545,11777,-7430,3939,104551,78768,Bearish Reversal
2008-07-22,97975,7838,10845,-6951,111592,90137,Bullish
2008-07-15,87130,14789,4350,4199,107156,72341,Bullish
2008-07-08,82780,10590,2418,4163,100375,72190,Bearish
2008-07-01,80362,6427,-21404,2831,100205,73935,Bearish Reversal
2008-06-24,101766,3596,1818,-505,116518,98170,Bullish
2008-06-17,99948,4101,8964,-2721,111911,95847,Bullish Reversal
2008-06-10,90984,6822,-13852,821,148568,84162,Bearish Reversal
2008-06-03,104836,6001,4408,329,150702,98835,Bullish
2008-05-27,100428,5672,2889,-1268,120338,94756,Bullish
2008-05-20,97539,6940,-7294,1135,116535,90599,Bearish Reversal
2008-05-13,104833,5805,-3731,-1248,118845,99028,Bearish Reversal
2008-05-06,108564,7053,8005,-2710,122815,101511,Bullish
2008-04-29,100559,9763,-27510,2551,116470,90796,Bearish Reversal
2008-04-22,128069,7212,5399,-564,142006,120857,Bullish
2008-04-15,122670,7776,-1446,-937,136543,114894,Bearish Reversal
2008-04-08,124116,8713,-3759,1741,138434,115403,Bearish Reversal
2008-04-01,127875,6972,18557,1505,140166,120903,Bullish
2008-03-25,109318,5467,15921,1374,120313,103851,Bullish
2008-03-18,93397,4093,13416,-2154,104067,89304,Bullish Reversal
2008-03-11,79981,6247,-40860,-1711,126567,73734,Bearish Reversal
2008-03-04,120841,7958,-10824,1627,170510,112883,Bearish Reversal
2008-02-26,131665,6331,8066,-761,177319,125334,Bullish
2008-02-19,123599,7092,12545,2060,166427,116507,Bullish
2008-02-12,111054,5032,31932,-2035,152013,106022,Bullish
2008-02-05,79122,7067,27931,-2338,121116,72055,Bullish
2008-01-29,51191,9405,16576,-1247,84369,41786,Bullish
2008-01-22,34615,10652,-3656,2333,81705,23963,Bearish Reversal
2008-01-15,38271,8319,-23849,2065,82208,29952,Bearish Reversal
2008-01-08,62120,6254,-73,351,93542,55866,Bearish
2007-12-31,62193,5903,-13138,2380,85765,56290,Bearish Reversal
2007-12-24,75331,3523,4621,-298,94387,71808,Bullish
2007-12-18,70710,3821,12510,-15476,89937,66889,Bullish Reversal
2007-12-11,58200,19297,25652,-3215,126777,38903,Bullish
2007-12-04,32548,22512,6197,7930,105039,10036,Bearish
2007-11-27,26351,14582,-5280,-142,90471,11769,Bearish Reversal
2007-11-20,31631,14724,-14007,3325,94239,16907,Bearish Reversal
2007-11-13,45638,11399,-22534,-3198,102849,34239,Bearish Reversal
2007-11-06,68172,14597,-8658,7532,113295,53575,Bearish Reversal
2007-10-30,76830,7065,25727,1221,118028,69765,Bullish
2007-10-23,51103,5844,13533,-1532,96322,45259,Bullish
2007-10-16,37570,7376,11691,-7783,84626,30194,Bullish
2007-10-09,25879,15159,7781,-5082,80483,10720,Bullish
2007-10-02,18098,20241,-248,-11026,73625,-2143,Bullish Reversal
2007-09-25,18346,31267,8398,-6753,75151,-12921,Bullish
2007-09-18,9948,38020,-6857,8082,72554,-28072,Bearish Reversal
2007-09-11,16805,29938,6081,3294,128847,-13133,Bullish
2007-09-04,10724,26644,-37,-4319,109118,-15920,Bullish
2007-08-28,10761,30963,1087,-2845,101179,-20202,Bullish Reversal
2007-08-21,9674,33808,-16956,18893,101504,-24134,Bearish
2007-08-14,26630,14915,-527,4128,94014,11715,Bearish Reversal
2007-08-07,27157,10787,-7258,-1022,94580,16370,Bearish Reversal
2007-07-31,34415,11809,-27640,-2518,95940,22606,Bearish Reversal
2007-07-24,62055,14327,-3991,6448,103205,47728,Bearish
2007-07-17,66046,7879,6985,1030,101682,58167,Bullish
2007-07-10,59061,6849,3445,13,95605,52212,Bullish
2007-07-03,55616,6836,1858,-4942,94589,48780,Bullish
2007-06-26,53758,11778,-15738,6855,94588,41980,Bearish Reversal
2007-06-19,69496,4923,-3102,-11345,104674,64573,Bullish Reversal
2007-06-12,72598,16268,-24767,9959,138039,56330,Bearish Reversal
2007-06-05,97365,6309,2625,-2294,141432,91056,Bullish
2007-05-29,94740,8603,13378,-3521,139965,86137,Bullish
2007-05-22,81362,12124,-4482,-10658,128888,69238,Bullish Reversal
2007-05-15,85844,22782,16506,1771,142943,63062,Bullish
2007-05-08,69338,21011,18562,-3198,126677,48327,Bullish
2007-05-01,50776,24209,22723,1885,107566,26567,Bullish
2007-04-24,28053,22324,-313,3717,80802,5729,Bearish
2007-04-17,28366,18607,-2074,1911,77552,9759,Bearish
2007-04-10,30440,16696,6991,-4970,75108,13744,Bullish
2007-04-03,23449,21666,-3269,-1508,73102,1783,Bearish
2007-03-27,26718,23174,5885,-16675,71690,3544,Bullish Reversal
2007-03-20,20833,39849,-7486,-2998,75465,-19016,Bearish Reversal
2007-03-13,28319,42847,-2491,-3558,113307,-14528,Bullish
2007-03-06,30810,46405,-2852,12925,102082,-15595,Bearish
2007-02-27,33662,33480,-12749,4687,94756,182,Bearish Reversal
2007-02-20,46411,28793,4164,7953,99338,17618,Bearish
2007-02-13,42247,20840,-1790,-6483,91261,21407,Bullish Reversal
2007-02-06,44037,27323,3442,-2757,93156,16714,Bullish Reversal
2007-01-30,40595,30080,-4740,2850,95731,10515,Bearish
2007-01-23,45335,27230,-4285,4110,90420,18105,Bearish Reversal
2007-01-16,49620,23120,-2960,-1594,90751,26500,Bearish Reversal
2007-01-09,52580,24714,-30670,9337,93823,27866,Bearish Reversal
2007-01-03,83250,15377,20494,7402,115893,67873,Bullish
2006-12-26,62756,7975,-7022,-1800,95521,54781,Bearish
2006-12-19,69778,9775,13950,1583,80814,60003,Bullish Reversal
2006-12-12,55828,8192,21893,-394,108850,47636,Bullish
2006-12-05,33935,8586,6502,-15558,73822,25349,Bullish
2006-11-28,27433,24144,-7588,1262,73516,3289,Bearish Reversal
2006-11-21,35021,22882,-10798,11223,76549,12139,Bearish
2006-11-14,45819,11659,-21806,2094,74155,34160,Bearish Reversal
2006-11-07,67625,9565,-25513,-1392,90298,58060,Bearish Reversal
2006-10-31,93138,10957,14086,-1012,113332,82181,Bullish
2006-10-24,79052,11969,14361,-245,99853,67083,Bullish
2006-10-17,64691,12214,33382,-9323,84107,52477,Bullish
2006-10-10,31309,21537,410,-3698,70319,9772,Bullish
2006-10-03,30899,25235,14672,4741,61683,5664,Bullish
2006-09-26,16227,20494,-4838,1891,54570,-4267,Bearish
2006-09-19,21065,18603,-51,5561,52703,2462,Bearish Reversal
2006-09-12,21116,13042,-12333,7264,81318,8074,Bearish Reversal
2006-09-05,33449,5778,608,-4258,83830,27671,Bullish Reversal
2006-08-29,32841,10036,1073,3109,84319,22805,Bearish
2006-08-22,31768,6927,-10665,128,82797,24841,Bearish Reversal
2006-08-15,42433,6799,13671,-54,92014,35634,Bullish
2006-08-08,28762,6853,1507,-2727,79548,21909,Bullish Reversal
2006-08-01,27255,9580,10630,1026,86532,17675,Bullish
2006-07-25,16625,8554,-384,-2029,82117,8071,Bullish
2006-07-18,17009,10583,6171,-4612,81681,6426,Bullish
2006-07-11,10838,15195,-127,-7406,77319,-4357,Bullish Reversal
2006-07-03,10965,22601,2048,-14134,85075,-11636,Bullish Reversal
2006-06-27,8917,36735,1152,-73,88259,-27818,Bullish
2006-06-20,7765,36808,-2323,489,77868,-29043,Bearish Reversal
2006-06-13,10088,36319,1226,-439,103111,-26231,Bullish
2006-06-06,8862,36758,835,-129,90022,-27896,Bullish Reversal
2006-05-30,8027,36887,-3957,6382,90621,-28860,Bearish Reversal
2006-05-23,11984,30505,-3504,3945,90941,-18521,Bearish
2006-05-16,15488,26560,-4231,3536,88324,-11072,Bearish
2006-05-09,19719,23024,2419,-933,86961,-3305,Bullish
2006-05-02,17300,23957,-1479,-7872,84728,-6657,Bullish Reversal
2006-04-25,18779,31829,2257,8340,91804,-13050,Bearish
2006-04-18,16522,23489,342,2685,80940,-6967,Bearish
2006-04-11,16180,20804,-445,973,79961,-4624,Bearish
2006-04-04,16625,19831,-4114,10314,79909,-3206,Bearish
2006-03-28,20739,9517,-7791,1997,70502,11222,Bearish Reversal
2006-03-21,28530,7520,-7124,1796,73692,21010,Bearish Reversal
2006-03-14,35654,5724,-5076,-446,77716,29930,Bearish Reversal
2006-03-07,40730,6170,-26221,2124,98842,34560,Bearish Reversal
2006-02-28,66951,4046,-3015,-1217,113669,62905,Bearish Reversal
2006-02-21,69966,5263,-497,1276,119303,64703,Bearish Reversal
2006-02-14,70463,3987,2866,-2637,120098,66476,Bullish
2006-02-07,67597,6624,-2280,2845,117623,60973,Bearish Reversal
2006-01-31,69877,3779,21381,-160,117640,66098,Bullish
2006-01-24,48496,3939,-555,-1042,98608,44557,Bullish Reversal
2006-01-17,49051,4981,5640,1709,99485,44070,Bullish
2006-01-10,43411,3272,5031,706,96154,40139,Bullish
2006-01-03,38380,2566,85,-5094,91750,35814,Bullish
2005-12-27,38295,7660,-3970,1684,91636,30635,Bearish Reversal
2005-12-20,42265,5976,-30974,327,93855,36289,Bearish Reversal
2005-12-13,73239,5649,-14510,490,138274,67590,Bearish
2005-12-06,87749,5159,-2221,909,136373,82590,Bearish Reversal
2005-11-29,89970,4250,-1367,-793,136925,85720,Bearish
2005-11-22,91337,5043,6673,216,129683,86294,Bullish
2005-11-15,84664,4827,17303,-380,110276,79837,Bullish
2005-11-08,67361,5207,18309,76,91692,62154,Bullish
2005-11-01,49052,5131,22333,-6917,69890,43921,Bullish
2005-10-25,26719,12048,-180,5459,64329,14671,Bearish
2005-10-18,26899,6589,-26544,1080,63100,20310,Bearish Reversal
2005-10-11,53443,5509,-6725,1615,75577,47934,Bearish Reversal
2005-10-04,60168,3894,20091,-3521,81286,56274,Bullish
2005-09-27,40077,7415,257,2898,79975,32662,Bearish
2005-09-20,39820,4517,-5190,-887,74609,35303,Bearish Reversal
2005-09-13,45010,5404,-12,3460,88343,39606,Bearish
2005-09-06,45022,1944,5351,-2963,75752,43078,Bullish
2005-08-30,39671,4907,-14908,-4372,70597,34764,Bearish Reversal
2005-08-23,54579,9279,-20343,8409,81261,45300,Bearish Reversal
2005-08-16,74922,870,-698,-541,98820,74052,Bearish
2005-08-09,75620,1411,882,-157,97200,74209,Bullish
2005-08-02,74738,1568,-733,-294,95783,73170,Bearish Reversal
2005-07-26,75471,1862,865,-2520,97082,73609,Bullish
2005-07-19,74606,4382,-4581,-509,94641,70224,Bearish Reversal
2005-07-12,79187,4891,-3329,527,100344,74296,Bearish Reversal
2005-07-05,82516,4364,4872,396,104611,78152,Bullish
2005-06-28,77644,3968,-6414,-1000,101145,73676,Bearish Reversal
2005-06-21,84058,4968,1743,601,104351,79090,Bullish
2005-06-14,82315,4367,1817,1127,102424,77948,Bullish Reversal
2005-06-07,80498,3240,-3332,-160,120880,77258,Bearish
2005-05-31,83830,3400,6786,-199,109821,80430,Bullish
2005-05-24,77044,3599,-1373,743,101704,73445,Bearish Reversal
2005-05-17,78417,2856,-1162,-1287,105029,75561,Bullish Reversal
2005-05-10,79579,4143,-1175,-289,107076,75436,Bearish Reversal
2005-05-03,80754,4432,9495,-485,109099,76322,Bullish
2005-04-26,71259,4917,6436,1028,98729,66342,Bullish
2005-04-19,64823,3889,13162,140,92459,60934,Bullish
2005-04-12,51661,3749,19014,-7068,77870,47912,Bullish
2005-04-05,32647,10817,-45,1957,60463,21830,Bearish Reversal
2005-03-29,32692,8860,-4970,4209,60526,23832,Bearish Reversal
2005-03-22,37662,4651,-11948,-364,65784,33011,Bearish Reversal
2005-03-15,49610,5015,-23607,-3203,71963,44595,Bearish Reversal
2005-03-08,73217,8218,2218,-468,125412,64999,Bullish
2005-03-01,70999,8686,-257,448,102386,62313,Bearish
2005-02-22,71256,8238,7061,207,97645,63018,Bullish
2005-02-15,64195,8031,5680,1464,89095,56164,Bullish
2005-02-08,58515,6567,4843,129,82779,51948,Bullish
2005-02-01,53672,6438,10704,-1650,79368,47234,Bullish
2005-01-25,42968,8088,-4934,2966,69088,34880,Bearish Reversal
2005-01-18,47902,5122,9369,-1275,72418,42780,Bullish
2005-01-11,38533,6397,-4248,-3473,69157,32136,Bearish Reversal
2005-01-04,42781,9870,-11339,3817,74868,32911,Bearish Reversal
2004-12-28,54120,6053,-2976,-24,85605,48067,Bearish Reversal
2004-12-21,57096,6077,730,-179,85701,51019,Bullish
2004-12-14,56366,6256,-10844,-4963,83043,50110,Bearish Reversal
2004-12-07,67210,11219,3754,478,114669,55991,Bullish
2004-11-30,63456,10741,10699,968,96439,52715,Bullish
2004-11-23,52757,9773,8506,1860,81542,42984,Bullish
2004-11-16,44251,7913,5793,-2006,70543,36338,Bullish
2004-11-09,38458,9919,8360,1285,65219,28539,Bullish
2004-11-02,30098,8634,-906,261,59193,21464,Bearish Reversal
2004-10-26,31004,8373,-11136,936,60478,22631,Bearish Reversal
2004-10-19,42140,7437,-22610,-2382,69840,34703,Bearish Reversal
2004-10-12,64750,9819,11048,1430,90268,54931,Bullish
2004-10-05,53702,8389,22034,974,78563,45313,Bullish
2004-09-28,31668,7415,13610,-311,57174,24253,Bullish
2004-09-21,18058,7726,14270,-10853,42797,10332,Bullish
2004-09-14,3788,18579,-15553,8559,38876,-14791,Bearish Reversal
2004-09-07,19341,10020,-25938,3561,63521,9321,Bearish Reversal
2004-08-31,45279,6459,-4472,-195,76517,38820,Bearish Reversal
2004-08-24,49751,6654,5496,-2911,81511,43097,Bullish
2004-08-17,44255,9565,12753,-5983,77551,34690,Bullish
2004-08-10,31502,15548,13176,2102,62309,15954,Bullish
2004-08-03,18326,13446,8780,-2371,49273,4880,Bullish
2004-07-27,9546,15817,-2798,-4534,40408,-6271,Bullish Reversal
2004-07-20,12344,20351,7344,-6764,46466,-8007,Bullish Reversal
2004-07-13,5000,27115,1814,2799,47754,-22115,Bearish Reversal
2004-07-06,3186,24316,-3106,5272,50614,-21130,Bearish
2004-06-29,6292,19044,-9442,3512,42655,-12752,Bearish Reversal
2004-06-22,15734,15532,10932,-12316,48985,202,Bullish
2004-06-15,4802,27848,-161,-889,48287,-23046,Bullish Reversal
2004-06-08,4963,28737,1332,-13096,68086,-23774,Bullish
2004-06-01,3631,41833,-578,-4269,67809,-38202,Bullish Reversal
2004-05-25,4209,46102,-3037,-1647,70451,-41893,Bearish
2004-05-18,7246,47749,466,3098,69232,-40503,Bearish
2004-05-11,6780,44651,1676,10120,64776,-37871,Bearish
2004-05-04,5104,34531,1158,17291,53989,-29427,Bearish
2004-04-27,3946,17240,-948,-2991,37863,-13294,Bullish Reversal
2004-04-20,4894,20231,-4021,5047,39527,-15337,Bearish
2004-04-12,8915,15184,-101,4331,37417,-6269,Bearish
2004-04-06,9016,10853,-987,4550,34577,-1837,Bearish
2004-03-30,10003,6303,-10487,4214,33302,3700,Bearish Reversal
2004-03-23,20490,2089,3184,-760,38181,18401,Bullish
2004-03-16,17306,2849,-3941,1248,35206,14457,Bearish Reversal
2004-03-09,21247,1601,1786,-683,54432,19646,Bullish
2004-03-02,19461,2284,3034,-528,44291,17177,Bullish
2004-02-24,16427,2812,-1428,-898,41688,13615,Bearish
2004-02-17,17855,3710,5583,-229,38944,14145,Bullish
2004-02-10,12272,3939,-6340,2277,34961,8333,Bearish Reversal
2004-02-03,18612,1662,-5063,-402,38120,16950,Bearish Reversal
2004-01-27,23675,2064,-7342,-155,42910,21611,Bearish Reversal
2004-01-20,31017,2219,4301,167,47340,28798,Bullish
2004-01-13,26716,2052,13670,-1540,43115,24664,Bullish
2004-01-06,13046,3592,8594,-11329,28708,9454,Bullish
2003-12-30,4452,14921,580,-6691,27630,-10469,Bullish Reversal
2003-12-22,3872,21612,1109,3343,32748,-17740,Bearish
2003-12-16,2763,18269,396,-1743,30173,-15506,Bullish Reversal
2003-12-09,2367,20012,-327,-1501,43667,-17645,Bullish
2003-12-02,2694,21513,326,2636,43126,-18819,Bearish Reversal
2003-11-25,2368,18877,-857,250,43929,-16509,Bearish
2003-11-18,3225,18627,-809,3471,34833,-15402,Bearish Reversal
2003-11-11,4034,15156,1258,-2445,35185,-11122,Bullish Reversal
2003-11-04,2776,17601,1352,-3552,36306,-14825,Bullish
2003-10-28,1424,21153,38,-2806,35779,-19729,Bullish Reversal
2003-10-21,1386,23959,757,-104,38339,-22573,Bullish Reversal
2003-10-14,629,24063,-514,2879,39254,-23434,Bearish
2003-10-07,1143,21184,-1308,8611,36380,-20041,Bearish
2003-09-30,2451,12573,-668,511,28886,-10122,Bearish
2003-09-23,3119,12062,-159,-6873,28076,-8943,Bullish Reversal
2003-09-16,3278,18935,-1231,-532,31881,-15657,Bearish Reversal
2003-09-09,4509,19467,42,490,49952,-14958,Bearish
2003-09-02,4467,18977,-877,2906,48486,-14510,Bearish
2003-08-26,5344,16071,-2481,296,39681,-10727,Bearish Reversal
2003-08-19,7825,15775,811,6674,41248,-7950,Bearish
2003-08-12,7014,9101,-1675,843,37988,-2087,Bearish
2003-08-05,8689,8258,-2540,374,36485,431,Bearish Reversal
2003-07-29,11229,7884,-3197,3404,38040,3345,Bearish Reversal
2003-07-22,14426,4480,2367,132,38551,9946,Bullish
2003-07-15,12059,4348,2864,379,34842,7711,Bullish
2003-07-08,9195,3969,-753,1704,32661,5226,Bearish
2003-07-01,9948,2265,1878,-334,29312,7683,Bullish
2003-06-24,8070,2599,381,-318,25766,5471,Bullish
2003-06-17,7689,2917,351,-1554,23934,4772,Bullish Reversal
2003-06-10,7338,4471,-15282,3493,45201,2867,Bearish Reversal
2003-06-03,22620,978,3354,-743,55834,21642,Bullish
2003-05-27,19266,1721,-1546,1192,48565,17545,Bearish Reversal
2003-05-20,20812,529,-3721,-62,48662,20283,Bearish Reversal
2003-05-13,24533,591,4178,-75,51422,23942,Bullish
2003-05-06,20355,666,4673,-601,44029,19689,Bullish
2003-04-29,15682,1267,7139,-1770,39342,14415,Bullish
2003-04-22,8543,3037,1611,-3321,30835,5506,Bullish
2003-04-15,6932,6358,3921,-1502,30106,574,Bullish
2003-04-08,3011,7860,-1483,1193,24605,-4849,Bearish Reversal
2003-04-01,4494,6667,1956,-499,25843,-2173,Bullish
2003-03-25,2538,7166,1030,-2644,22279,-4628,Bullish Reversal
2003-03-18,1508,9810,1261,-6686,22606,-8302,Bullish Reversal
2003-03-11,247,16496,197,-5423,42197,-16249,Bullish
2003-03-04,50,21919,-142,1195,38141,-21869,Bearish
2003-02-25,192,20724,-1274,3681,35646,-20532,Bearish
2003-02-18,1466,17043,901,-5339,29731,-15577,Bullish Reversal
2003-02-11,565,22382,-255,-486,35385,-21817,Bullish
2003-02-04,820,22868,171,1917,35244,-22048,Bearish
2003-01-28,649,20951,-391,20,32205,-20302,Bearish Reversal
2003-01-21,1040,20931,-1062,4167,32965,-19891,Bearish
2003-01-14,2102,16764,-79,3715,28464,-14662,Bearish
2003-01-07,2181,13049,884,3942,23751,-10868,Bearish
2002-12-31,1297,9107,-2376,7549,19208,-7810,Bearish
2002-12-23,3673,1558,2305,-1190,13357,2115,Bullish
2002-12-17,1368,2748,-829,-1847,11464,-1380,Bullish Reversal
2002-12-10,2197,4595,-1821,270,22598,-2398,Bearish
2002-12-03,4018,4325,288,-1608,21281,-307,Bullish Reversal
2002-11-26,3730,5933,1004,509,21806,-2203,Bullish
2002-11-19,2726,5424,1566,-3083,19783,-2698,Bullish Reversal
2002-11-12,1160,8507,-311,1835,19933,-7347,Bearish
2002-11-05,1471,6672,-973,1837,16046,-5201,Bearish
2002-10-29,2444,4835,438,235,15891,-2391,Bullish
2002-10-22,2006,4600,1757,-2796,15467,-2594,Bullish Reversal
2002-10-15,249,7396,234,-2855,17970,-7147,Bullish Reversal
2002-10-08,15,10251,-165,-616,20019,-10236,Bullish
2002-10-01,180,10867,-70,210,19810,-10687,Bearish
2002-09-24,250,10657,-1426,4163,19774,-10407,Bearish
2002-09-17,1676,6494,-21,-185,15558,-4818,Bullish Reversal
2002-09-10,1697,6679,-863,1445,26086,-4982,Bearish
2002-09-03,2560,5234,294,1525,19244,-2674,Bearish
2002-08-27,2266,3709,-77,650,17486,-1443,Bearish
2002-08-20,2343,3059,-648,-1728,15293,-716,Bullish Reversal
2002-08-13,2991,4787,559,2513,16243,-1796,Bearish
2002-08-06,2432,2274,-1000,602,15365,158,Bearish Reversal
2002-07-30,3432,1672,485,-867,15513,1760,Bullish Reversal
2002-07-23,2947,2539,787,-2835,15742,408,Bullish Reversal
2002-07-16,2160,5374,463,-4121,16142,-3214,Bullish Reversal
2002-07-09,1697,9495,537,-1025,20237,-7798,Bullish Reversal
2002-07-02,1160,10520,-79,147,21094,-9360,Bearish
2002-06-25,1239,10373,319,2311,20778,-9134,Bearish
2002-06-18,920,8062,230,-1826,18535,-7142,Bullish Reversal
2002-06-11,690,9888,-733,102,36859,-9198,Bearish
2002-06-04,1423,9786,163,2304,30811,-8363,Bearish
2002-05-28,1260,7482,-13,309,28343,-6222,Bearish Reversal
2002-05-21,1273,7173,-699,1450,28726,-5900,Bearish Reversal
2002-05-14,1972,5723,-2144,455,29446,-3751,Bearish
2002-05-07,4116,5268,777,1784,28066,-1152,Bearish
2002-04-30,3339,3484,-2869,1317,27227,-145,Bearish Reversal
2002-04-23,6208,2167,-6863,351,27751,4041,Bearish Reversal
2002-04-16,13071,1816,-9686,852,35639,11255,Bearish Reversal
2002-04-09,22757,964,-1196,-304,43206,21793,Bearish
2002-04-02,23953,1268,-372,-120,41394,22685,Bearish
2002-03-26,24325,1388,2429,360,40122,22937,Bullish
2002-03-19,21896,1028,1840,416,36792,20868,Bullish Reversal
2002-03-12,20056,612,-370,-466,45857,19444,Bullish
2002-03-05,20426,1078,1263,-517,41663,19348,Bullish
2002-02-26,19163,1595,-67,425,39223,17568,Bearish Reversal
2002-02-19,19230,1170,50,43,39347,18060,Bullish
2002-02-12,19180,1127,1999,92,37141,18053,Bullish
2002-02-05,17181,1035,2264,506,34466,16146,Bullish
2002-01-29,14917,529,-812,-207,29000,14388,Bearish Reversal
2002-01-22,15729,736,3080,-175,29664,14993,Bullish
2002-01-15,12649,911,-2961,17,25099,11738,Bearish Reversal
2002-01-08,15610,894,1571,-171,26745,14716,Bullish
2001-12-28,14039,1065,-2091,25,25076,12974,Bearish Reversal
2001-12-21,16130,1040,810,-176,27311,15090,Bullish
2001-12-18,15320,1216,339,109,25323,14104,Bullish Reversal
2001-12-11,14981,1107,2856,6,38191,13874,Bullish
2001-12-04,12125,1101,-2773,162,22803,11024,Bearish Reversal
2001-11-27,14898,939,-1495,-125,24809,13959,Bearish Reversal
2001-11-20,16393,1064,1087,80,26324,15329,Bullish
2001-11-13,15306,984,943,-160,25407,14322,Bullish
2001-11-06,14363,1144,4643,40,24249,13219,Bullish
2001-10-30,9720,1104,971,35,20711,8616,Bullish
2001-10-23,8749,1069,2394,98,18102,7680,Bullish
2001-10-16,6355,971,1491,-1538,14763,5384,Bullish
2001-10-09,4864,2509,1405,-680,12851,2355,Bullish Reversal
2001-10-02,3459,3189,391,327,13251,270,Bullish
2001-09-25,3068,2862,-266,17,12952,206,Bearish
2001-09-18,3334,2845,-1110,1062,12561,489,Bearish Reversal
2001-09-10,4444,1783,-3499,269,30800,2661,Bearish Reversal
2001-09-04,7943,1514,-2748,545,31314,6429,Bearish Reversal
2001-08-28,10691,969,-225,-515,33441,9722,Bullish
2001-08-21,10916,1484,-693,406,33321,9432,Bearish
2001-08-14,11609,1078,1982,-401,31708,10531,Bullish Reversal
2001-08-07,9627,1479,4432,-162,32155,8148,Bullish
2001-07-31,5195,1641,-651,59,28130,3554,Bearish
2001-07-24,5846,1582,1881,16,27396,4264,Bullish
2001-07-17,3965,1566,-1704,-897,26495,2399,Bearish Reversal
2001-07-10,5669,2463,-4356,460,28256,3206,Bearish Reversal
2001-07-03,10025,2003,93,536,29079,8022,Bearish
2001-06-26,9932,1467,271,102,27758,8465,Bullish
2001-06-19,9661,1365,58,-654,27097,8296,Bullish Reversal
2001-06-12,9603,2019,428,93,37604,7584,Bullish
2001-06-05,9175,1926,-1740,243,32035,7249,Bearish
2001-05-29,10915,1683,17,42,30359,9232,Bearish
2001-05-22,10898,1641,-1545,414,29713,9257,Bearish Reversal
2001-05-15,12443,1227,299,-647,29776,11216,Bullish
2001-05-08,12144,1874,488,456,28374,10270,Bullish
2001-05-01,11656,1418,65,-546,25148,10238,Bullish Reversal
2001-04-24,11591,1964,-300,-183,26634,9627,Bearish Reversal
2001-04-17,11891,2147,-368,50,26675,9744,Bearish Reversal
2001-04-10,12259,2097,134,9,27057,10162,Bullish Reversal
2001-04-03,12125,2088,888,775,27219,10037,Bullish
2001-03-27,11237,1313,-1404,-319,24977,9924,Bearish Reversal
2001-03-20,12641,1632,846,61,25812,11009,Bullish Reversal
2001-03-13,11795,1571,3577,-745,35772,10224,Bullish
2001-03-06,8218,2316,1781,722,27517,5902,Bullish
2001-02-27,6437,1594,1772,155,26375,4843,Bullish
2001-02-20,4665,1439,380,-59,22571,3226,Bullish Reversal
2001-02-13,4285,1498,704,-220,22594,2787,Bullish
2001-02-06,3581,1718,1540,-155,21717,1863,Bullish
2001-01-30,2041,1873,705,-1946,21504,168,Bullish Reversal
2001-01-23,1336,3819,-313,-323,21688,-2483,Bullish
2001-01-16,1649,4142,-1836,204,21476,-2493,Bearish Reversal
2001-01-09,3485,3938,-1541,1955,25700,-453,Bearish
2001-01-02,5026,1983,-1156,-89,25329,3043,Bearish Reversal
2000-12-26,6182,1928,-5176,146,25385,4254,Bearish Reversal
2000-12-19,11358,1782,2504,599,29337,9576,Bullish Reversal
2000-12-12,8854,1183,-1292,-535,32149,7671,Bearish
2000-12-05,10146,1718,979,256,30450,8428,Bullish
2000-11-28,9167,1462,2229,-55,29737,7705,Bullish
2000-11-21,6938,1517,1444,11,25760,5421,Bullish
2000-11-14,5494,1506,5078,-493,18245,3988,Bullish
2000-11-07,416,1999,-60,600,13757,-1583,Bearish Reversal
2000-10-31,476,1399,-297,-303,13832,-923,Bullish
2000-10-24,773,1702,-694,494,13717,-929,Bearish Reversal
2000-10-17,1467,1208,-1016,142,13773,259,Bearish
2000-10-10,2483,1066,-859,443,11181,1417,Bearish Reversal
2000-10-03,3342,623,1640,-468,11465,2719,Bullish
2000-09-26,1702,1091,-391,35,10913,611,Bearish Reversal
2000-09-19,2093,1056,-2533,-108,11363,1037,Bearish Reversal
2000-09-12,4626,1164,-1477,481,19329,3462,Bearish
2000-09-05,6103,683,-6,-152,18636,5420,Bullish Reversal
2000-08-29,6109,835,357,92,19632,5274,Bullish
2000-08-22,5752,743,-865,145,19153,5009,Bearish
2000-08-15,6617,598,1917,-20,18353,6019,Bullish
2000-08-08,4700,618,-31,20,16391,4082,Bearish
2000-08-01,4731,598,-119,-85,15423,4133,Bearish Reversal
2000-07-25,4850,683,497,240,15733,4167,Bullish
2000-07-18,4353,443,576,-230,14514,3910,Bullish
2000-07-11,3777,673,744,40,13787,3104,Bullish
2000-07-05,3033,633,2611,-2402,12320,2400,Bullish Reversal
2000-06-27,422,3035,-106,335,12868,-2613,Bearish
2000-06-20,528,2700,-219,269,12102,-2172,Bearish Reversal
2000-06-13,747,2431,72,544,24031,-1684,Bearish Reversal
2000-06-06,675,1887,-1700,1457,24115,-1212,Bearish
2000-05-30,2375,430,899,-529,20857,1945,Bullish Reversal
2000-05-23,1476,959,605,20,22247,517,Bullish
2000-05-16,871,939,-1142,530,19830,-68,Bearish
2000-05-09,2013,409,-3529,409,19240,1604,Bearish Reversal
2000-05-02,5542,0,3357,-394,20442,5542,Bullish
2000-04-25,2185,394,275,0,18733,1791,Bullish Reversal
2000-04-18,1910,394,-3130,-215,18838,1516,Bearish Reversal
2000-04-11,5040,609,-1970,200,19099,4431,Bearish Reversal
2000-04-04,7010,409,-3246,409,20640,6601,Bearish Reversal
2000-03-28,10256,0,595,-225,22418,10256,Bullish
2000-03-21,9661,225,-325,25,21373,9436,Bearish Reversal
2000-03-14,9986,200,-666,-10,28436,9786,Bearish Reversal
2000-03-07,10652,210,780,-53,30268,10442,Bullish
2000-02-29,9872,263,471,13,24593,9609,Bullish
2000-02-22,9401,250,148,0,21693,9151,Bullish Reversal
2000-02-15,9253,250,707,-317,21995,9003,Bullish
2000-02-08,8546,567,4836,-70,20802,7979,Bullish
2000-02-01,3710,637,-2738,-65,14941,3073,Bearish Reversal
2000-01-25,6448,702,-555,-134,17602,5746,Bearish Reversal
2000-01-18,7003,836,355,51,18004,6167,Bullish
2000-01-11,6648,785,973,60,16071,5863,Bullish
2000-01-04,5675,725,-96,-172,15009,4950,Bullish
1999-12-28,5771,897,-153,427,14179,4874,Bearish Reversal
1999-12-21,5924,470,435,0,15369,5454,Bullish
1999-12-14,5489,470,-927,-422,14663,5019,Bearish Reversal
1999-12-07,6416,892,-3830,422,26061,5524,Bearish Reversal
1999-11-30,10246,470,-394,0,30123,9776,Bearish Reversal
1999-11-23,10640,470,256,-470,31461,10170,Bullish Reversal
1999-11-16,10384,940,1311,470,31697,9444,Bullish
1999-11-09,9073,470,5716,-958,30058,8603,Bullish
1999-11-02,3357,1428,265,-189,23663,1929,Bullish
1999-10-26,3092,1617,-502,-1,22847,1475,Bearish Reversal
1999-10-19,3594,1618,-498,580,23853,1976,Bearish Reversal
1999-10-12,4092,1038,-137,30,24888,3054,Bearish Reversal
1999-10-05,4229,1008,-2992,372,26088,3221,Bearish Reversal
1999-09-28,7221,636,-476,0,26793,6585,Bearish Reversal
1999-09-21,7697,636,-1639,-66,27551,7061,Bearish Reversal
1999-09-14,9336,702,1366,-577,29509,8634,Bullish Reversal
1999-09-07,7970,1279,1225,-424,36892,6691,Bullish
1999-08-31,6745,1703,1,0,35024,5042,Bullish
1999-08-24,6744,1703,402,130,34913,5041,Bullish
1999-08-17,6342,1573,3948,700,31990,4769,Bullish
1999-08-10,2394,873,-1132,300,27238,1521,Bearish
1999-08-03,3526,573,-754,-280,27222,2953,Bearish Reversal
1999-07-27,4280,853,-330,-350,28108,3427,Bullish
1999-07-20,4610,1203,60,584,27765,3407,Bearish Reversal
1999-07-13,4550,619,209,0,28514,3931,Bullish
1999-07-06,4341,619,13,619,25092,3722,Bearish
1999-06-29,4328,0,44,0,23080,4328,Bullish
1999-06-22,4284,0,2591,-345,19833,4284,Bullish
1999-06-15,1693,345,335,0,14372,1348,Bullish Reversal
1999-06-08,1358,345,211,-552,19943,1013,Bullish Reversal
1999-06-01,1147,897,-986,467,22582,250,Bearish Reversal
1999-05-25,2133,430,-4413,430,23982,1703,Bearish Reversal
1999-05-18,6546,0,-133,-250,24321,6546,Bullish Reversal
1999-05-11,6679,250,86,250,25433,6429,Bearish
1999-05-04,6593,0,63,0,23979,6593,Bullish
1999-04-27,6530,0,-812,0,22603,6530,Bearish
1999-04-20,7342,0,894,-270,22328,7342,Bullish
1999-04-13,6448,270,-118,-180,20690,6178,Bullish
1999-04-06,6566,450,147,450,20035,6116,Bearish
1999-03-30,6419,0,271,-339,19795,6419,Bullish Reversal
1999-03-23,6148,339,-1636,339,20031,5809,Bearish Reversal
1999-03-16,7784,0,91,-23,20305,7784,Bullish Reversal
1999-03-09,7693,23,1617,-69,27511,7670,Bullish
1999-03-02,6076,92,1294,-218,22137,5984,Bullish
1999-02-23,4782,310,430,310,19399,4472,Bullish
1999-02-16,4352,0,3531,0,19170,4352,Bullish
1999-02-09,821,0,409,0,17488,821,Bullish Reversal
1999-02-02,412,0,412,-200,17583,412,Bullish Reversal
1999-01-26,0,200,0,200,18164,-200,Bearish
1999-01-19,0,0,-1497,-490,17166,0,Bearish Reversal
1999-01-12,1497,490,-3329,184,19496,1007,Bearish Reversal
1999-01-05,4826,306,270,-1,21948,4520,Bullish
1998-12-29,4556,307,-57,0,19591,4249,Bearish
1998-12-22,4613,307,303,-342,19301,4306,Bullish
1998-12-15,4310,649,580,52,18226,3661,Bullish Reversal
1998-12-08,3730,597,1319,0,25174,3133,Bullish Reversal
1998-12-01,2411,597,-28,0,25268,1814,Bearish Reversal
1998-11-24,2439,597,500,0,25911,1842,Bullish
1998-11-17,1939,597,250,0,25749,1342,Bullish
1998-11-10,1689,597,215,0,23914,1092,Bullish Reversal
1998-11-03,1474,597,0,0,25019,877,No signal
1998-10-27,1474,597,0,-50,23889,877,Bullish Reversal
1998-10-20,1474,647,0,-1384,25787,827,Bullish Reversal
1998-10-13,1474,2031,-136,90,28575,-557,Bearish Reversal
1998-10-06,1610,1941,-550,0,28750,-331,Bearish
1998-09-29,2160,1941,-314,-832,25726,219,Bullish Reversal
1998-09-22,2474,2773,213,-550,29189,-299,Bullish
1998-09-15,2261,3323,919,-302,28656,-1062,Bullish Reversal
1998-09-08,1342,3625,10,46,43616,-2283,Bearish
1998-09-01,1332,3579,-570,-501,41120,-2247,Bearish Reversal
1998-08-25,1902,4080,-736,623,41635,-2178,Bearish Reversal
1998-08-18,2638,3457,-605,1001,42047,-819,Bearish Reversal
1998-08-11,3243,2456,-303,2175,45139,787,Bearish
1998-08-04,3546,281,-654,-223,43013,3265,Bearish Reversal
1998-07-28,4200,504,-888,-131,44073,3696,Bearish
1998-07-21,5088,635,1184,-539,43586,4453,Bullish
1998-07-14,3904,1174,814,-843,42344,2730,Bullish Reversal
1998-07-07,3090,2017,280,-840,43295,1073,Bullish
1998-06-30,2810,2857,113,82,42692,-47,Bullish
1998-06-23,2697,2775,495,-1038,40307,-78,Bullish
1998-06-16,2202,3813,1034,1576,36430,-1611,Bearish Reversal
1998-06-09,1168,2237,-111,-1062,47298,-1069,Bullish Reversal
1998-06-02,1279,3299,-268,1080,47754,-2020,Bearish
1998-05-26,1547,2219,-1177,1935,44820,-672,Bearish
1998-05-19,2724,284,-1573,284,41187,2440,Bearish
1998-05-12,4297,0,-911,0,38351,4297,Bearish
1998-05-05,5208,0,2581,-85,38135,5208,Bullish
1998-04-28,2627,85,-1434,5,36645,2542,Bearish Reversal
1998-04-21,4061,80,72,-1455,37227,3981,Bullish
1998-04-14,3989,1535,1279,-362,36285,2454,Bullish
1998-04-07,2710,1897,-773,357,33728,813,Bearish
1998-03-31,3483,1540,-3403,-481,32785,1943,Bearish
1998-03-24,6886,2021,1003,-632,29742,4865,Bullish
1998-03-17,5883,2653,188,355,27326,3230,Bearish Reversal
1998-03-10,5695,2298,1196,263,39075,3397,Bullish Reversal
1998-03-03,4499,2035,2032,-178,39389,2464,Bullish
1998-02-24,2467,2213,-2065,1013,35656,254,Bearish
1998-02-17,4532,1200,144,0,35588,3332,Bullish Reversal
1998-02-10,4388,1200,149,0,36834,3188,Bullish Reversal
1998-02-03,4239,1200,-130,-656,37410,3039,Bullish
1998-01-27,4369,1856,1021,-1434,37080,2513,Bullish
1998-01-20,3348,3290,-430,276,27570,58,Bearish
1998-01-13,3778,3014,473,-543,26096,764,Bullish
1998-01-06,3305,3557,1021,783,25070,-252,Bullish
1997-12-30,2284,2774,926,1004,24434,-490,Bearish Reversal
1997-12-23,1358,1770,-2408,-475,24964,-412,Bullish Reversal
1997-12-19,1323,1770,-2443,-475,25068,-447,Bearish Reversal
1997-12-16,3766,2245,-1046,161,25577,1521,Bearish Reversal
1997-12-09,4812,2084,2906,-505,32500,2728,Bullish
1997-12-02,1906,2589,41,-74,32374,-683,Bullish Reversal
1997-11-25,1865,2663,-676,326,33790,-798,Bearish Reversal
1997-11-18,2541,2337,-625,-191,34395,204,Bearish Reversal
1997-11-11,3166,2528,-1047,-135,35270,638,Bearish Reversal
1997-11-04,4213,2663,-3040,-527,38974,1550,Bearish Reversal
1997-10-28,7253,3190,-1722,1475,42718,4063,Bearish Reversal
1997-10-21,8975,1715,-294,-210,43135,7260,Bearish
1997-10-14,9269,1925,835,-1126,40813,7344,Bullish
1997-10-07,8434,3051,386,1266,39430,5383,Bearish
1997-09-30,8048,1785,250,1058,36279,6263,Bearish
1997-09-23,7798,727,323,727,36123,7071,Bearish
1997-09-16,7475,0,1749,-229,32268,7475,Bullish Reversal
1997-09-09,5726,229,-1155,-1521,42539,5497,Bullish Reversal
1997-09-02,6881,1750,-396,-290,43875,5131,Bearish Reversal
1997-08-26,7277,2040,1411,24,45086,5237,Bullish
1997-08-19,5866,2016,696,150,44209,3850,Bullish Reversal
1997-08-12,5170,1866,696,164,44469,3304,Bullish
1997-08-05,4474,1702,386,-1933,41287,2772,Bullish
1997-07-29,4088,3635,-564,269,39281,453,Bearish
1997-07-22,4652,3366,1396,773,38265,1286,Bullish
1997-07-15,3256,2593,143,-261,35436,663,Bullish
1997-07-08,3113,2854,139,-1305,34237,259,Bullish Reversal
1997-07-01,2974,4159,1165,454,35457,-1185,Bullish
1997-06-24,1809,3705,218,2386,34392,-1896,Bearish
1997-06-17,1591,1319,234,596,32986,272,Bearish Reversal
1997-06-10,1357,723,-945,-759,39890,634,Bearish
1997-06-03,2302,1482,90,-226,38374,820,Bullish
1997-05-27,2212,1708,360,511,37397,504,Bearish
1997-05-20,1852,1197,482,-131,35508,655,Bullish Reversal
1997-05-13,1370,1328,-773,557,35741,42,Bearish
1997-05-06,2143,771,213,-38,31579,1372,Bullish
1997-04-29,1930,809,-708,609,30987,1121,Bearish Reversal
1997-04-22,2638,200,397,-277,32566,2438,Bullish
1997-04-15,2241,477,539,-810,32272,1764,Bullish
1997-04-08,1702,1287,436,1287,31401,415,Bearish
1997-04-01,1266,0,1066,0,29921,1266,Bullish
1997-03-25,200,0,200,0,27861,200,Bullish
1997-03-18,0,0,-914,-210,26734,0,Bearish Reversal
1997-03-11,914,210,-965,-454,40538,704,Bearish
1997-03-04,1879,664,-3960,153,40166,1215,Bearish Reversal
1997-02-25,5839,511,1569,48,47761,5328,Bullish
1997-02-18,4270,463,-177,2,43038,3807,Bearish
1997-02-11,4447,461,-57,99,40414,3986,Bearish
1997-02-04,4504,362,183,20,37804,4142,Bullish
1997-01-28,4321,342,-157,16,35144,3979,Bearish
1997-01-21,4478,326,198,9,33070,4152,Bullish
1997-01-14,4280,317,633,5,31562,3963,Bullish Reversal
1997-01-07,3647,312,1282,38,31941,3335,Bullish
1996-12-31,2365,274,-3,0,31103,2091,Bearish
1996-12-24,2368,274,67,-213,30939,2094,Bullish
1996-12-17,2301,487,506,188,28993,1814,Bullish Reversal
1996-12-10,1795,299,195,-16,31961,1496,Bullish
1996-12-03,1600,315,629,-635,31657,1285,Bullish
1996-11-26,971,950,-663,420,31419,21,Bearish
1996-11-19,1634,530,638,280,30018,1104,Bullish
1996-11-12,996,250,539,-154,29437,746,Bullish Reversal
1996-11-05,457,404,-545,404,30107,53,Bearish
1996-10-29,1002,0,-535,-93,29705,1002,Bearish
1996-10-22,1537,93,338,93,28496,1444,Bullish
1996-10-15,1199,0,-18,-255,24899,1199,Bullish
1996-10-08,1217,255,-103,0,23526,962,Bearish
1996-10-01,1320,255,1,0,21959,1065,Bullish
1996-09-24,1319,255,164,0,20010,1064,Bullish
1996-09-17,1155,255,-16,255,14806,900,Bearish Reversal
1996-09-10,1171,0,404,-580,16637,1171,Bullish Reversal
1996-09-03,767,580,-497,0,18266,187,Bearish Reversal
1996-08-27,1264,580,717,274,20514,684,Bullish
1996-08-20,547,306,224,101,19970,241,Bullish
1996-08-13,323,205,-58,205,19103,118,Bearish Reversal
1996-08-06,381,0,-649,0,19223,381,Bearish
1996-07-30,1030,0,399,-70,19013,1030,Bullish Reversal
1996-07-23,631,70,-2272,-220,19592,561,Bearish
1996-07-16,2903,290,2542,192,16604,2613,Bullish
1996-07-09,361,98,-116,98,15403,263,Bearish
1996-07-02,477,0,195,-74,15034,477,Bullish
1996-06-25,282,74,-279,-316,15003,208,Bullish
1996-06-18,561,390,-224,-1064,14116,171,Bullish Reversal
1996-06-11,785,1454,227,-300,17882,-669,Bullish
1996-06-04,558,1754,-24,217,16364,-1196,Bearish
1996-05-28,582,1537,226,514,15662,-955,Bearish Reversal
1996-05-21,356,1023,147,-38,16151,-667,Bullish Reversal
1996-05-14,209,1061,209,49,17299,-852,Bullish
1996-05-07,0,1012,0,-132,16343,-1012,Bullish
1996-04-30,0,1144,-96,-245,16232,-1144,Bullish
1996-04-23,96,1389,-801,144,16061,-1293,Bearish
1996-04-16,897,1245,468,588,14905,-348,Bearish
1996-04-09,429,657,-401,0,14181,-228,Bearish
1996-04-02,830,657,272,12,14005,173,Bullish
1996-03-26,558,645,-105,0,13123,-87,Bearish
1996-03-19,663,645,328,-1119,12797,18,Bullish Reversal
1996-03-12,335,1764,34,-1179,19343,-1429,Bullish Reversal
1996-03-05,301,2943,200,624,19915,-2642,Bearish
1996-02-27,101,2319,0,542,19308,-2218,Bearish Reversal
1996-02-20,101,1777,0,-744,19329,-1676,Bullish Reversal
1996-02-13,101,2521,101,-441,19581,-2420,Bullish
1996-02-06,0,2962,0,-519,18363,-2962,Bullish
1996-01-30,0,3481,-207,907,16900,-3481,Bearish
1996-01-23,207,2574,0,228,16315,-2367,Bearish
1996-01-16,207,2346,207,250,14555,-2139,Bearish
1996-01-09,0,2096,0,237,14277,-2096,Bearish Reversal
1996-01-02,0,1859,0,0,14492,-1859,No signal
1995-12-26,0,1859,0,15,13020,-1859,Bearish
1995-12-19,0,1844,-595,1526,12573,-1844,Bearish Reversal
1995-12-12,595,318,-474,0,15563,277,Bearish Reversal
1995-12-05,1069,318,457,318,15809,751,Bullish
1995-11-28,612,0,-140,0,15230,612,Bearish
1995-11-21,752,0,-380,0,14936,752,Bearish
1995-11-14,1132,0,-82,0,14897,1132,Bearish
1995-11-07,1214,0,138,0,14656,1214,Bullish
1995-10-31,1076,0,159,0,14167,1076,Bullish
1995-10-24,917,0,-46,0,14018,917,Bearish
1995-10-17,963,0,15,0,13789,963,Bullish
1995-10-10,948,0,-81,0,12988,948,Bearish
1995-10-03,1029,0,581,0,12444,1029,Bullish
1995-09-26,448,0,223,0,11737,448,Bullish
1995-09-19,225,0,0,0,10826,225,No signal
1995-09-12,225,0,0,0,13224,225,No signal
1995-09-05,225,0,-572,-300,12639,225,Bearish
1995-08-29,797,300,209,0,12256,497,Bullish
1995-08-22,588,300,0,-235,11395,288,Bullish
1995-08-15,588,535,-2040,235,10406,53,Bearish
1995-08-08,2628,300,-357,0,9993,2328,Bearish
1995-08-01,2985,300,347,0,9288,2685,Bullish
1995-07-25,2638,300,-345,-212,9114,2338,Bearish
1995-07-18,2983,512,-291,182,8677,2471,Bearish
1995-07-11,3274,330,646,330,7510,2944,Bullish
1995-07-03,2628,0,-55,0,6527,2628,Bearish
1995-06-27,2683,0,702,-227,6099,2683,Bullish
1995-06-20,1981,227,694,227,5298,1754,Bullish
1995-06-13,1287,0,475,-233,5216,1287,Bullish
1995-06-06,812,233,-350,233,4867,579,Bearish
1995-05-30,1162,0,483,0,4388,1162,Bullish
1995-05-23,679,0,679,0,3407,679,No signal
