,Market and Exchange Names,As of Date in Form YYYY-MM-DD,Noncommercial Positions-Long (All),Noncommercial Positions-Short (All),Change in Noncommercial-Long (All),Change in Noncommercial-Short (All),Open Interest (All),Change in Open Interest (All),Net Positions,Change Net Positions
7894,BITCOIN - CHICAGO MERCANTILE EXCHANGE,2026-07-14,15899,12808,    -174,     235,19385,     553,3091,-409.0
7895,BITCOIN - CHICAGO MERCANTILE EXCHANGE,2026-07-07,16073,12573,    -422,    -152,18832,     496,3500,-270.0
7896,BITCOIN - CHICAGO MERCANTILE EXCHANGE,2026-06-30,16495,12725,     147,     -99,18336,   -2218,3770,246.0
7897,BITCOIN - CHICAGO MERCANTILE EXCHANGE,2026-06-23,16348,12824,   -1379,   -1428,20554,    -571,3524,49.0
7898,BITCOIN - CHICAGO MERCANTILE EXCHANGE,2026-06-16,17727,14252,     549,      92,21125,    1349,3475,457.0
7899,BITCOIN - CHICAGO MERCANTILE EXCHANGE,2026-06-09,17178,14160,     -32,    -592,19776,    -106,3018,560.0
7900,BITCOIN - CHICAGO MERCANTILE EXCHANGE,2026-06-02,17210,14752,      64,    -112,19882,   -1743,2458,176.0
7901,BITCOIN - CHICAGO MERCANTILE EXCHANGE,2026-05-26,17146,14864,    -645,    -815,21625,   -1375,2282,170.0
7902,BITCOIN - CHICAGO MERCANTILE EXCHANGE,2026-05-19,17791,15679,    -363,   -1216,23000,    -535,2112,853.0
7903,BITCOIN - CHICAGO MERCANTILE EXCHANGE,2026-05-12,18154,16895,   -1147,    -965,23535,     133,1259,-182.0
7904,BITCOIN - CHICAGO MERCANTILE EXCHANGE,2026-05-05,19301,17860,    1870,    2821,23402,    1710,1441,-951.0
7905,BITCOIN - CHICAGO MERCANTILE EXCHANGE,2026-04-28,17431,15039,     334,      13,21692,   -3302,2392,321.0
7906,BITCOIN - CHICAGO MERCANTILE EXCHANGE,2026-04-21,17097,15026,    -402,    -280,24994,    1233,2071,-122.0
7907,BITCOIN - CHICAGO MERCANTILE EXCHANGE,2026-04-14,17499,15306,    1357,    1704,23761,    1453,2193,-347.0
7908,BITCOIN - CHICAGO MERCANTILE EXCHANGE,2026-04-07,16142,13602,    1228,     941,22308,    1677,2540,287.0
7909,BITCOIN - CHICAGO MERCANTILE EXCHANGE,2026-03-31,14914,12661,    -947,   -1094,20631,   -2637,2253,147.0
7910,BITCOIN - CHICAGO MERCANTILE EXCHANGE,2026-03-24,15861,13755,    -880,   -1213,23268,    -539,2106,333.0
7911,BITCOIN - CHICAGO MERCANTILE EXCHANGE,2026-03-17,16741,14968,     880,     409,23807,    2760,1773,471.0
7912,BITCOIN - CHICAGO MERCANTILE EXCHANGE,2026-03-10,15861,14559,     276,     -15,21047,     745,1302,291.0
7913,BITCOIN - CHICAGO MERCANTILE EXCHANGE,2026-03-03,15585,14574,    -825,    -664,20302,   -2617,1011,-161.0
7914,BITCOIN - CHICAGO MERCANTILE EXCHANGE,2026-02-24,16410,15238,    -183,     283,22919,    -416,1172,-466.0
7915,BITCOIN - CHICAGO MERCANTILE EXCHANGE,2026-02-17,16593,14955,    -423,   -1044,23335,    -822,1638,621.0
7916,BITCOIN - CHICAGO MERCANTILE EXCHANGE,2026-02-10,17016,15999,   -1923,   -1932,24157,    1113,1017,9.0
7917,BITCOIN - CHICAGO MERCANTILE EXCHANGE,2026-02-03,18939,17931,     885,     567,23044,   -1232,1008,318.0
7918,BITCOIN - CHICAGO MERCANTILE EXCHANGE,2026-01-27,18054,17364,   -1787,   -2179,24276,    -265,690,392.0
7919,BITCOIN - CHICAGO MERCANTILE EXCHANGE,2026-01-20,19841,19543,     723,     494,24541,     698,298,229.0
7920,BITCOIN - CHICAGO MERCANTILE EXCHANGE,2026-01-13,19118,19049,    1114,     311,23843,    1675,69,803.0
7921,BITCOIN - CHICAGO MERCANTILE EXCHANGE,2026-01-06,18004,18738,    1593,    1814,22168,    2002,-734,-221.0
0,BITCOIN - CHICAGO MERCANTILE EXCHANGE,2025-12-30,16411,16924,    -952,    -918,20166,   -1822,-513,-34.0
1,BITCOIN - CHICAGO MERCANTILE EXCHANGE,2025-12-23,17363,17842,   -2003,   -1418,21988,   -2514,-479,-585.0
2,BITCOIN - CHICAGO MERCANTILE EXCHANGE,2025-12-16,19366,19260,   -1044,    -885,24502,    -291,106,-159.0
3,BITCOIN - CHICAGO MERCANTILE EXCHANGE,2025-12-09,20410,20145,     173,     475,24793,     464,265,-302.0
4,BITCOIN - CHICAGO MERCANTILE EXCHANGE,2025-12-02,20237,19670,    -963,   -1613,24329,   -1931,567,650.0
5,BITCOIN - CHICAGO MERCANTILE EXCHANGE,2025-11-25,21200,21283,   -1567,   -1796,26260,    -856,-83,229.0
6,BITCOIN - CHICAGO MERCANTILE EXCHANGE,2025-11-18,22767,23079,    -276,     164,27116,    -428,-312,-440.0
7,BITCOIN - CHICAGO MERCANTILE EXCHANGE,2025-11-10,23043,22915,     531,     128,27544,     451,128,403.0
8,BITCOIN - CHICAGO MERCANTILE EXCHANGE,2025-11-04,22512,22787,    -465,    -733,27093,   -1624,-275,268.0
9,BITCOIN - CHICAGO MERCANTILE EXCHANGE,2025-10-28,22977,23520,    -449,    -235,28717,     240,-543,-214.0
10,BITCOIN - CHICAGO MERCANTILE EXCHANGE,2025-10-21,23426,23755,    -466,    -589,28477,     -26,-329,123.0
11,BITCOIN - CHICAGO MERCANTILE EXCHANGE,2025-10-14,23892,24344,     364,    -292,28503,    -498,-452,656.0
12,BITCOIN - CHICAGO MERCANTILE EXCHANGE,2025-10-07,23528,24636,     879,    1879,29001,    2127,-1108,-1000.0
13,BITCOIN - CHICAGO MERCANTILE EXCHANGE,2025-09-30,22649,22757,    -491,    -304,26874,    -935,-108,-187.0
14,BITCOIN - CHICAGO MERCANTILE EXCHANGE,2025-09-23,23140,23061,    -648,    -707,27809,   -1035,79,59.0
15,BITCOIN - CHICAGO MERCANTILE EXCHANGE,2025-09-16,23788,23768,     713,     225,28844,    1914,20,488.0
16,BITCOIN - CHICAGO MERCANTILE EXCHANGE,2025-09-09,23075,23543,     623,     189,26930,     246,-468,434.0
17,BITCOIN - CHICAGO MERCANTILE EXCHANGE,2025-09-02,22452,23354,    -341,     189,26684,    -797,-902,-530.0
18,BITCOIN - CHICAGO MERCANTILE EXCHANGE,2025-08-26,22793,23165,    -271,   -1099,27481,   -1490,-372,828.0
19,BITCOIN - CHICAGO MERCANTILE EXCHANGE,2025-08-19,23064,24264,    -374,      84,28971,    1120,-1200,-458.0
20,BITCOIN - CHICAGO MERCANTILE EXCHANGE,2025-08-12,23438,24180,     399,    -360,27851,     290,-742,759.0
21,BITCOIN - CHICAGO MERCANTILE EXCHANGE,2025-08-05,23039,24540,    -812,    -319,27561,    -507,-1501,-493.0
22,BITCOIN - CHICAGO MERCANTILE EXCHANGE,2025-07-29,23851,24859,    -596,   -1440,28068,   -2729,-1008,844.0
23,BITCOIN - CHICAGO MERCANTILE EXCHANGE,2025-07-22,24447,26299,     165,    -469,30797,    -512,-1852,634.0
24,BITCOIN - CHICAGO MERCANTILE EXCHANGE,2025-07-15,24282,26768,     268,     318,31309,    1718,-2486,-50.0
25,BITCOIN - CHICAGO MERCANTILE EXCHANGE,2025-07-08,24014,26450,    -172,     508,29591,     203,-2436,-680.0
26,BITCOIN - CHICAGO MERCANTILE EXCHANGE,2025-07-01,24186,25942,     -46,    -451,29388,   -1964,-1756,405.0
27,BITCOIN - CHICAGO MERCANTILE EXCHANGE,2025-06-24,24232,26393,    -132,     245,31352,     492,-2161,-377.0
28,BITCOIN - CHICAGO MERCANTILE EXCHANGE,2025-06-17,24364,26148,    -417,    -642,30860,     599,-1784,225.0
29,BITCOIN - CHICAGO MERCANTILE EXCHANGE,2025-06-10,24781,26790,     697,     394,30261,     503,-2009,303.0
30,BITCOIN - CHICAGO MERCANTILE EXCHANGE,2025-06-03,24084,26396,    -462,    -424,29758,   -2206,-2312,-38.0
31,BITCOIN - CHICAGO MERCANTILE EXCHANGE,2025-05-27,24546,26820,     404,     726,31964,     -69,-2274,-322.0
32,BITCOIN - CHICAGO MERCANTILE EXCHANGE,2025-05-20,24142,26094,     689,    1814,32033,    2963,-1952,-1125.0
33,BITCOIN - CHICAGO MERCANTILE EXCHANGE,2025-05-13,23453,24280,     517,    -437,29070,    1099,-827,954.0
34,BITCOIN - CHICAGO MERCANTILE EXCHANGE,2025-05-06,22936,24717,     581,    1131,27971,    1005,-1781,-550.0
35,BITCOIN - CHICAGO MERCANTILE EXCHANGE,2025-04-29,22355,23586,    -703,    -278,26966,   -1236,-1231,-425.0
36,BITCOIN - CHICAGO MERCANTILE EXCHANGE,2025-04-22,23058,23864,    2411,    3803,28202,    1076,-806,-1392.0
37,BITCOIN - CHICAGO MERCANTILE EXCHANGE,2025-04-15,20647,20061,   -1741,    -995,27126,     217,586,-746.0
38,BITCOIN - CHICAGO MERCANTILE EXCHANGE,2025-04-08,22388,21056,    -985,   -1826,26909,    -160,1332,841.0
39,BITCOIN - CHICAGO MERCANTILE EXCHANGE,2025-04-01,23373,22882,   -1003,    -315,27069,   -1967,491,-688.0
40,BITCOIN - CHICAGO MERCANTILE EXCHANGE,2025-03-25,24376,23197,    -865,    -203,29036,   -1177,1179,-662.0
41,BITCOIN - CHICAGO MERCANTILE EXCHANGE,2025-03-18,25241,23400,     756,     444,30213,    1668,1841,312.0
42,BITCOIN - CHICAGO MERCANTILE EXCHANGE,2025-03-11,24485,22956,      16,    -899,28545,     336,1529,915.0
43,BITCOIN - CHICAGO MERCANTILE EXCHANGE,2025-03-04,24469,23855,   -1268,   -1678,28209,   -3851,614,410.0
44,BITCOIN - CHICAGO MERCANTILE EXCHANGE,2025-02-25,25737,25533,   -1630,   -2201,32060,   -1773,204,571.0
45,BITCOIN - CHICAGO MERCANTILE EXCHANGE,2025-02-18,27367,27734,     565,     565,33833,     884,-367,0.0
46,BITCOIN - CHICAGO MERCANTILE EXCHANGE,2025-02-11,26802,27169,    -768,     385,32949,      57,-367,-1153.0
47,BITCOIN - CHICAGO MERCANTILE EXCHANGE,2025-02-04,27570,26784,   -1023,    -644,32892,   -1425,786,-379.0
48,BITCOIN - CHICAGO MERCANTILE EXCHANGE,2025-01-28,28593,27428,    -528,    -954,34317,   -4239,1165,426.0
49,BITCOIN - CHICAGO MERCANTILE EXCHANGE,2025-01-21,29121,28382,     155,     751,38556,    3085,739,-596.0
50,BITCOIN - CHICAGO MERCANTILE EXCHANGE,2025-01-14,28966,27631,     -80,    -225,35471,     392,1335,145.0
51,BITCOIN - CHICAGO MERCANTILE EXCHANGE,2025-01-07,29046,27856,    1218,    -291,35079,    1186,1190,1509.0
52,BITCOIN - CHICAGO MERCANTILE EXCHANGE,2024-12-31,27828,28147,   -2386,   -2196,33893,   -3232,-319,-190.0
53,BITCOIN - CHICAGO MERCANTILE EXCHANGE,2024-12-24,30214,30343,   -2859,   -2559,37125,   -5399,-129,-300.0
54,BITCOIN - CHICAGO MERCANTILE EXCHANGE,2024-12-17,33073,32902,    1905,    1014,42524,    4936,171,891.0
55,BITCOIN - CHICAGO MERCANTILE EXCHANGE,2024-12-10,31168,31888,     543,    -332,37588,     567,-720,875.0
56,BITCOIN - CHICAGO MERCANTILE EXCHANGE,2024-12-03,30625,32220,     285,     684,37021,   -3489,-1595,-399.0
57,BITCOIN - CHICAGO MERCANTILE EXCHANGE,2024-11-26,30340,31536,    -812,   -1700,40510,    -693,-1196,888.0
58,BITCOIN - CHICAGO MERCANTILE EXCHANGE,2024-11-19,31152,33236,     265,     551,41203,    2672,-2084,-286.0
59,BITCOIN - CHICAGO MERCANTILE EXCHANGE,2024-11-12,30887,32685,    4584,    4925,38531,    6520,-1798,-341.0
60,BITCOIN - CHICAGO MERCANTILE EXCHANGE,2024-11-05,26303,27760,   -1853,   -2265,32011,   -1776,-1457,412.0
61,BITCOIN - CHICAGO MERCANTILE EXCHANGE,2024-10-29,28156,30025,    1290,    1514,33787,     225,-1869,-224.0
62,BITCOIN - CHICAGO MERCANTILE EXCHANGE,2024-10-22,26866,28511,     108,    -119,33562,    -932,-1645,227.0
63,BITCOIN - CHICAGO MERCANTILE EXCHANGE,2024-10-15,26758,28630,    2525,    3115,34494,    5112,-1872,-590.0
64,BITCOIN - CHICAGO MERCANTILE EXCHANGE,2024-10-08,24233,25515,     827,     425,29382,     843,-1282,402.0
65,BITCOIN - CHICAGO MERCANTILE EXCHANGE,2024-10-01,23406,25090,    -450,    -312,28539,   -2003,-1684,-138.0
66,BITCOIN - CHICAGO MERCANTILE EXCHANGE,2024-09-24,23856,25402,     -10,     563,30542,    -453,-1546,-573.0
67,BITCOIN - CHICAGO MERCANTILE EXCHANGE,2024-09-17,23866,24839,     897,    1517,30995,    2838,-973,-620.0
68,BITCOIN - CHICAGO MERCANTILE EXCHANGE,2024-09-10,22969,23322,    -380,      81,28157,    1298,-353,-461.0
69,BITCOIN - CHICAGO MERCANTILE EXCHANGE,2024-09-03,23349,23241,   -1756,   -2030,26859,   -2958,108,274.0
70,BITCOIN - CHICAGO MERCANTILE EXCHANGE,2024-08-27,25105,25271,    1089,    1012,29817,     187,-166,77.0
71,BITCOIN - CHICAGO MERCANTILE EXCHANGE,2024-08-20,24016,24259,    -105,     533,29630,    1756,-243,-638.0
72,BITCOIN - CHICAGO MERCANTILE EXCHANGE,2024-08-13,24121,23726,     167,     310,27874,     339,395,-143.0
73,BITCOIN - CHICAGO MERCANTILE EXCHANGE,2024-08-06,23954,23416,    -206,   -1746,27535,   -1070,538,1540.0
74,BITCOIN - CHICAGO MERCANTILE EXCHANGE,2024-07-30,24160,25162,    -361,     -20,28605,   -3830,-1002,-341.0
75,BITCOIN - CHICAGO MERCANTILE EXCHANGE,2024-07-23,24521,25182,    -189,    -107,32435,    1252,-661,-82.0
76,BITCOIN - CHICAGO MERCANTILE EXCHANGE,2024-07-16,24710,25289,    1627,    2088,31183,    2942,-579,-461.0
77,BITCOIN - CHICAGO MERCANTILE EXCHANGE,2024-07-09,23083,23201,    1813,    1019,28241,    1178,-118,794.0
78,BITCOIN - CHICAGO MERCANTILE EXCHANGE,2024-07-02,21270,22182,    -833,    -545,27063,   -3108,-912,-288.0
79,BITCOIN - CHICAGO MERCANTILE EXCHANGE,2024-06-25,22103,22727,    -731,    -830,30171,    -456,-624,99.0
80,BITCOIN - CHICAGO MERCANTILE EXCHANGE,2024-06-18,22834,23557,    -167,    -582,30627,     124,-723,415.0
81,BITCOIN - CHICAGO MERCANTILE EXCHANGE,2024-06-11,23001,24139,   -1469,   -1450,30503,    -583,-1138,-19.0
82,BITCOIN - CHICAGO MERCANTILE EXCHANGE,2024-06-04,24470,25589,    1709,    2072,31086,     831,-1119,-363.0
83,BITCOIN - CHICAGO MERCANTILE EXCHANGE,2024-05-28,22761,23517,    -437,    -571,30255,    -439,-756,134.0
84,BITCOIN - CHICAGO MERCANTILE EXCHANGE,2024-05-21,23198,24088,    2120,    2833,30694,    3617,-890,-713.0
85,BITCOIN - CHICAGO MERCANTILE EXCHANGE,2024-05-14,21078,21255,     308,    -298,27077,     922,-177,606.0
86,BITCOIN - CHICAGO MERCANTILE EXCHANGE,2024-05-07,20770,21553,    1201,    1990,26155,    1360,-783,-789.0
87,BITCOIN - CHICAGO MERCANTILE EXCHANGE,2024-04-30,19569,19563,   -2865,   -2871,24795,   -3137,6,6.0
88,BITCOIN - CHICAGO MERCANTILE EXCHANGE,2024-04-23,22434,22434,      95,    -268,27932,   -1594,0,363.0
89,BITCOIN - CHICAGO MERCANTILE EXCHANGE,2024-04-16,22339,22702,   -1233,   -1023,29526,     452,-363,-210.0
90,BITCOIN - CHICAGO MERCANTILE EXCHANGE,2024-04-09,23572,23725,    -739,    -426,29074,    -671,-153,-313.0
91,BITCOIN - CHICAGO MERCANTILE EXCHANGE,2024-04-02,24311,24151,    -906,   -2141,29745,   -1493,160,1235.0
92,BITCOIN - CHICAGO MERCANTILE EXCHANGE,2024-03-26,25217,26292,     534,    -487,31238,   -1958,-1075,1021.0
93,BITCOIN - CHICAGO MERCANTILE EXCHANGE,2024-03-19,24683,26779,    -294,     808,33196,    2798,-2096,-1102.0
94,BITCOIN - CHICAGO MERCANTILE EXCHANGE,2024-03-12,24977,25971,    2621,    2263,30398,    2651,-994,358.0
95,BITCOIN - CHICAGO MERCANTILE EXCHANGE,2024-03-05,22356,23708,    2322,    1707,27747,    2518,-1352,615.0
96,BITCOIN - CHICAGO MERCANTILE EXCHANGE,2024-02-27,20034,22001,     410,     279,25229,    -301,-1967,131.0
97,BITCOIN - CHICAGO MERCANTILE EXCHANGE,2024-02-20,19624,21722,     477,     654,25530,     761,-2098,-177.0
98,BITCOIN - CHICAGO MERCANTILE EXCHANGE,2024-02-13,19147,21068,    2867,    3265,24769,    3872,-1921,-398.0
99,BITCOIN - CHICAGO MERCANTILE EXCHANGE,2024-02-06,16280,17803,    -239,    -514,20897,     218,-1523,275.0
100,BITCOIN - CHICAGO MERCANTILE EXCHANGE,2024-01-30,16519,18317,     289,     426,20679,   -2136,-1798,-137.0
101,BITCOIN - CHICAGO MERCANTILE EXCHANGE,2024-01-23,16230,17891,   -1347,    -680,22815,    -471,-1661,-667.0
102,BITCOIN - CHICAGO MERCANTILE EXCHANGE,2024-01-16,17577,18571,   -3077,   -3701,23286,   -3560,-994,624.0
103,BITCOIN - CHICAGO MERCANTILE EXCHANGE,2024-01-09,20654,22272,    2359,    1756,26846,    3267,-1618,603.0
104,BITCOIN - CHICAGO MERCANTILE EXCHANGE,2024-01-02,18295,20516,    2021,    1940,23579,    1053,-2221,81.0
105,BITCOIN - CHICAGO MERCANTILE EXCHANGE,2023-12-26,16274,18576,    -243,    -292,22526,    -713,-2302,49.0
106,BITCOIN - CHICAGO MERCANTILE EXCHANGE,2023-12-19,16517,18868,     803,    1087,23239,    2028,-2351,-284.0
107,BITCOIN - CHICAGO MERCANTILE EXCHANGE,2023-12-12,15714,17781,   -2193,   -2376,21211,   -1824,-2067,183.0
108,BITCOIN - CHICAGO MERCANTILE EXCHANGE,2023-12-05,17907,20157,   -1072,    -567,23035,       8,-2250,-505.0
109,BITCOIN - CHICAGO MERCANTILE EXCHANGE,2023-11-28,18979,20724,    1829,    2698,23027,    1088,-1745,-869.0
110,BITCOIN - CHICAGO MERCANTILE EXCHANGE,2023-11-21,17150,18026,    1211,     743,21939,     736,-876,468.0
111,BITCOIN - CHICAGO MERCANTILE EXCHANGE,2023-11-14,15939,17283,   -1314,   -1647,21203,    -546,-1344,333.0
112,BITCOIN - CHICAGO MERCANTILE EXCHANGE,2023-11-07,17253,18930,    1758,    1689,21749,    2146,-1677,69.0
113,BITCOIN - CHICAGO MERCANTILE EXCHANGE,2023-10-31,15495,17241,     681,    1973,19603,     -75,-1746,-1292.0
114,BITCOIN - CHICAGO MERCANTILE EXCHANGE,2023-10-24,14814,15268,    2048,    2829,19678,    3117,-454,-781.0
115,BITCOIN - CHICAGO MERCANTILE EXCHANGE,2023-10-17,12766,12439,    1007,    1831,16561,    1878,327,-824.0
116,BITCOIN - CHICAGO MERCANTILE EXCHANGE,2023-10-10,11759,10608,    -205,    -300,14683,     236,1151,95.0
117,BITCOIN - CHICAGO MERCANTILE EXCHANGE,2023-10-03,11964,10908,    1034,    1772,14447,    -397,1056,-738.0
118,BITCOIN - CHICAGO MERCANTILE EXCHANGE,2023-09-26,10930,9136,   -1939,   -2136,14844,   -1826,1794,197.0
119,BITCOIN - CHICAGO MERCANTILE EXCHANGE,2023-09-19,12869,11272,     976,    1611,16670,    1247,1597,-635.0
120,BITCOIN - CHICAGO MERCANTILE EXCHANGE,2023-09-12,11893,9661,     -40,    -233,15423,     461,2232,193.0
121,BITCOIN - CHICAGO MERCANTILE EXCHANGE,2023-09-05,11933,9894,   -1244,   -1776,14962,   -1210,2039,532.0
122,BITCOIN - CHICAGO MERCANTILE EXCHANGE,2023-08-29,13177,11670,    -250,    -242,16172,   -1090,1507,-8.0
123,BITCOIN - CHICAGO MERCANTILE EXCHANGE,2023-08-22,13427,11912,    1446,    -781,17262,    1830,1515,2227.0
124,BITCOIN - CHICAGO MERCANTILE EXCHANGE,2023-08-15,11981,12693,   -1004,   -1441,15432,   -1311,-712,437.0
125,BITCOIN - CHICAGO MERCANTILE EXCHANGE,2023-08-08,12985,14134,    1230,    1840,16743,    1883,-1149,-610.0
126,BITCOIN - CHICAGO MERCANTILE EXCHANGE,2023-08-01,11755,12294,    -186,    -292,14860,   -1157,-539,106.0
127,BITCOIN - CHICAGO MERCANTILE EXCHANGE,2023-07-25,11941,12586,      95,    -421,16017,     562,-645,516.0
128,BITCOIN - CHICAGO MERCANTILE EXCHANGE,2023-07-18,11846,13007,    -476,   -1170,15455,    -847,-1161,694.0
129,BITCOIN - CHICAGO MERCANTILE EXCHANGE,2023-07-11,12322,14177,    -532,    -753,16302,    -706,-1855,221.0
130,BITCOIN - CHICAGO MERCANTILE EXCHANGE,2023-07-03,12854,14930,    -149,    -167,17008,   -1821,-2076,18.0
131,BITCOIN - CHICAGO MERCANTILE EXCHANGE,2023-06-27,13003,15097,    1071,    3562,18829,    3142,-2094,-2491.0
132,BITCOIN - CHICAGO MERCANTILE EXCHANGE,2023-06-20,11932,11535,    1846,    2192,15687,    2436,397,-346.0
133,BITCOIN - CHICAGO MERCANTILE EXCHANGE,2023-06-13,10086,9343,     -20,       6,13251,     225,743,-26.0
134,BITCOIN - CHICAGO MERCANTILE EXCHANGE,2023-06-06,10106,9337,    1066,     484,13026,    1311,769,582.0
135,BITCOIN - CHICAGO MERCANTILE EXCHANGE,2023-05-30,9040,8853,   -1084,    -378,11715,   -1328,187,-706.0
136,BITCOIN - CHICAGO MERCANTILE EXCHANGE,2023-05-23,10124,9231,      69,     187,13043,       0,893,-118.0
137,BITCOIN - CHICAGO MERCANTILE EXCHANGE,2023-05-16,10055,9044,      28,    -560,13043,     -59,1011,588.0
138,BITCOIN - CHICAGO MERCANTILE EXCHANGE,2023-05-09,10027,9604,     342,      87,13102,     581,423,255.0
139,BITCOIN - CHICAGO MERCANTILE EXCHANGE,2023-05-02,9685,9517,     119,    -342,12521,   -1543,168,461.0
140,BITCOIN - CHICAGO MERCANTILE EXCHANGE,2023-04-25,9566,9859,   -2063,   -2259,14064,   -1321,-293,196.0
141,BITCOIN - CHICAGO MERCANTILE EXCHANGE,2023-04-18,11629,12118,    -587,   -1220,15385,    -592,-489,633.0
142,BITCOIN - CHICAGO MERCANTILE EXCHANGE,2023-04-11,12216,13338,    1801,    2308,15977,    2597,-1122,-507.0
143,BITCOIN - CHICAGO MERCANTILE EXCHANGE,2023-04-04,10415,11030,    -753,    -414,13380,   -1029,-615,-339.0
144,BITCOIN - CHICAGO MERCANTILE EXCHANGE,2023-03-28,11168,11444,     317,     -28,14409,     360,-276,345.0
145,BITCOIN - CHICAGO MERCANTILE EXCHANGE,2023-03-21,10851,11472,     267,     786,14049,     577,-621,-519.0
146,BITCOIN - CHICAGO MERCANTILE EXCHANGE,2023-03-14,10584,10686,     477,     620,13472,     651,-102,-143.0
147,BITCOIN - CHICAGO MERCANTILE EXCHANGE,2023-03-07,10107,10066,   -1814,   -2454,12821,   -2340,41,640.0
148,BITCOIN - CHICAGO MERCANTILE EXCHANGE,2023-02-28,11921,12520,    -267,    -480,15161,   -1340,-599,213.0
149,BITCOIN - CHICAGO MERCANTILE EXCHANGE,2023-02-21,12188,13000,     413,     442,16501,    1343,-812,-29.0
150,BITCOIN - CHICAGO MERCANTILE EXCHANGE,2023-02-14,11775,12558,   -1395,   -1790,15158,   -1685,-783,395.0
151,BITCOIN - CHICAGO MERCANTILE EXCHANGE,2023-02-07,13170,14348,    -429,   -1050,16843,    -699,-1178,621.0
152,BITCOIN - CHICAGO MERCANTILE EXCHANGE,2023-01-31,13599,15398,     563,     925,17542,     152,-1799,-362.0
153,BITCOIN - CHICAGO MERCANTILE EXCHANGE,2023-01-24,13036,14473,     580,    1390,17390,    1505,-1437,-810.0
154,BITCOIN - CHICAGO MERCANTILE EXCHANGE,2023-01-17,12456,13083,     467,     500,15885,     994,-627,-33.0
155,BITCOIN - CHICAGO MERCANTILE EXCHANGE,2023-01-10,11989,12583,     242,    1225,14891,     361,-594,-983.0
156,BITCOIN - CHICAGO MERCANTILE EXCHANGE,2023-01-03,11747,11358,    -614,    -310,14530,   -1498,389,-304.0
157,BITCOIN - CHICAGO MERCANTILE EXCHANGE,2022-12-27,12361,11668,    1093,     717,16028,    1465,693,376.0
158,BITCOIN - CHICAGO MERCANTILE EXCHANGE,2022-12-20,11268,10951,     602,     245,14563,     574,317,357.0
159,BITCOIN - CHICAGO MERCANTILE EXCHANGE,2022-12-13,10666,10706,   -1985,   -1878,13989,   -1780,-40,-107.0
160,BITCOIN - CHICAGO MERCANTILE EXCHANGE,2022-12-06,12651,12584,   -1132,    -875,15769,   -1063,67,-257.0
161,BITCOIN - CHICAGO MERCANTILE EXCHANGE,2022-11-29,13783,13459,    -448,     -66,16832,   -1522,324,-382.0
162,BITCOIN - CHICAGO MERCANTILE EXCHANGE,2022-11-22,14231,13525,     135,       0,18354,     453,706,135.0
163,BITCOIN - CHICAGO MERCANTILE EXCHANGE,2022-11-15,14096,13525,    2793,    2240,17901,    3462,571,553.0
164,BITCOIN - CHICAGO MERCANTILE EXCHANGE,2022-11-08,11303,11285,    2336,    1866,14439,    2256,18,470.0
165,BITCOIN - CHICAGO MERCANTILE EXCHANGE,2022-11-01,8967,9419,   -2117,   -1642,12183,   -2671,-452,-475.0
166,BITCOIN - CHICAGO MERCANTILE EXCHANGE,2022-10-25,11084,11061,     374,     373,14854,     626,23,1.0
167,BITCOIN - CHICAGO MERCANTILE EXCHANGE,2022-10-18,10710,10688,   -1994,   -1159,14228,   -1528,22,-835.0
168,BITCOIN - CHICAGO MERCANTILE EXCHANGE,2022-10-11,12704,11847,    1223,     334,15756,    1526,857,889.0
169,BITCOIN - CHICAGO MERCANTILE EXCHANGE,2022-10-04,11481,11513,    -421,     635,14230,     -41,-32,-1056.0
170,BITCOIN - CHICAGO MERCANTILE EXCHANGE,2022-09-27,11902,10878,     745,     298,14271,     391,1024,447.0
171,BITCOIN - CHICAGO MERCANTILE EXCHANGE,2022-09-20,11157,10580,     889,     438,13880,     791,577,451.0
172,BITCOIN - CHICAGO MERCANTILE EXCHANGE,2022-09-13,10268,10142,   -2475,   -1279,13089,   -2248,126,-1196.0
173,BITCOIN - CHICAGO MERCANTILE EXCHANGE,2022-09-06,12743,11421,     966,     940,15337,     897,1322,26.0
174,BITCOIN - CHICAGO MERCANTILE EXCHANGE,2022-08-30,11777,10481,     999,     667,14440,    1138,1296,332.0
175,BITCOIN - CHICAGO MERCANTILE EXCHANGE,2022-08-23,10778,9814,    1494,     437,13302,     879,964,1057.0
176,BITCOIN - CHICAGO MERCANTILE EXCHANGE,2022-08-16,9284,9377,     -10,    -147,12423,     -87,-93,137.0
177,BITCOIN - CHICAGO MERCANTILE EXCHANGE,2022-08-09,9294,9524,    -446,    -797,12510,    -339,-230,351.0
178,BITCOIN - CHICAGO MERCANTILE EXCHANGE,2022-08-02,9740,10321,     -38,     422,12849,   -2108,-581,-460.0
179,BITCOIN - CHICAGO MERCANTILE EXCHANGE,2022-07-26,9778,9899,   -1131,   -1516,14957,     445,-121,385.0
180,BITCOIN - CHICAGO MERCANTILE EXCHANGE,2022-07-19,10909,11415,     584,     919,14512,    1007,-506,-335.0
181,BITCOIN - CHICAGO MERCANTILE EXCHANGE,2022-07-12,10325,10496,    -317,     274,13505,     247,-171,-591.0
182,BITCOIN - CHICAGO MERCANTILE EXCHANGE,2022-07-05,10642,10222,    -495,     170,13258,    -449,420,-665.0
183,BITCOIN - CHICAGO MERCANTILE EXCHANGE,2022-06-28,11137,10052,     642,     603,13707,     170,1085,39.0
184,BITCOIN - CHICAGO MERCANTILE EXCHANGE,2022-06-21,10495,9449,     499,     514,13537,    1295,1046,-15.0
185,BITCOIN - CHICAGO MERCANTILE EXCHANGE,2022-06-14,9996,8935,    1037,     466,12242,    1252,1061,571.0
186,BITCOIN - CHICAGO MERCANTILE EXCHANGE,2022-06-07,8959,8469,     279,     192,10990,      90,490,87.0
187,BITCOIN - CHICAGO MERCANTILE EXCHANGE,2022-05-31,8680,8277,   -1043,    -597,10900,    -829,403,-446.0
188,BITCOIN - CHICAGO MERCANTILE EXCHANGE,2022-05-24,9723,8874,     159,     116,11729,      85,849,43.0
189,BITCOIN - CHICAGO MERCANTILE EXCHANGE,2022-05-17,9564,8758,     775,     672,11644,     803,806,103.0
190,BITCOIN - CHICAGO MERCANTILE EXCHANGE,2022-05-10,8789,8086,     668,     353,10841,     790,703,315.0
191,BITCOIN - CHICAGO MERCANTILE EXCHANGE,2022-05-03,8121,7733,    -408,    -384,10051,    -658,388,-24.0
192,BITCOIN - CHICAGO MERCANTILE EXCHANGE,2022-04-26,8529,8117,     266,    -340,10709,    -567,412,606.0
193,BITCOIN - CHICAGO MERCANTILE EXCHANGE,2022-04-19,8263,8457,      56,     417,11276,     644,-194,-361.0
194,BITCOIN - CHICAGO MERCANTILE EXCHANGE,2022-04-12,8207,8040,    -604,   -1015,10632,    -742,167,411.0
195,BITCOIN - CHICAGO MERCANTILE EXCHANGE,2022-04-05,8811,9055,    -911,    -938,11374,    -650,-244,27.0
196,BITCOIN - CHICAGO MERCANTILE EXCHANGE,2022-03-29,9722,9993,    1297,    1568,12024,     750,-271,-271.0
197,BITCOIN - CHICAGO MERCANTILE EXCHANGE,2022-03-22,8425,8425,     436,     626,11274,    1076,0,-190.0
198,BITCOIN - CHICAGO MERCANTILE EXCHANGE,2022-03-15,7989,7799,     229,     304,10198,     607,190,-75.0
199,BITCOIN - CHICAGO MERCANTILE EXCHANGE,2022-03-08,7760,7495,    -221,    -406,9591,    -389,265,185.0
200,BITCOIN - CHICAGO MERCANTILE EXCHANGE,2022-03-01,7981,7901,    -520,    -883,9980,   -1027,80,363.0
201,BITCOIN - CHICAGO MERCANTILE EXCHANGE,2022-02-22,8501,8784,     194,     262,11007,     361,-283,-68.0
202,BITCOIN - CHICAGO MERCANTILE EXCHANGE,2022-02-15,8307,8522,     556,     452,10646,     760,-215,104.0
203,BITCOIN - CHICAGO MERCANTILE EXCHANGE,2022-02-08,7751,8070,    -233,     227,9886,     -62,-319,-460.0
204,BITCOIN - CHICAGO MERCANTILE EXCHANGE,2022-02-01,7984,7843,    -694,    -869,9948,   -1808,141,175.0
205,BITCOIN - CHICAGO MERCANTILE EXCHANGE,2022-01-25,8678,8712,     261,    -254,11756,     288,-34,515.0
206,BITCOIN - CHICAGO MERCANTILE EXCHANGE,2022-01-18,8417,8966,     392,     564,11468,     613,-549,-172.0
207,BITCOIN - CHICAGO MERCANTILE EXCHANGE,2022-01-11,8025,8402,     258,      31,10855,     292,-377,227.0
208,BITCOIN - CHICAGO MERCANTILE EXCHANGE,2022-01-04,7767,8371,    -962,    -900,10563,   -1905,-604,-62.0
209,BITCOIN - CHICAGO MERCANTILE EXCHANGE,2021-12-28,8729,9271,     135,    -201,12468,    -384,-542,336.0
210,BITCOIN - CHICAGO MERCANTILE EXCHANGE,2021-12-21,8594,9472,   -1201,   -1095,12852,    -666,-878,-106.0
211,BITCOIN - CHICAGO MERCANTILE EXCHANGE,2021-12-14,9795,10567,     215,      79,13518,     276,-772,136.0
212,BITCOIN - CHICAGO MERCANTILE EXCHANGE,2021-12-07,9580,10488,      54,    -729,13242,      45,-908,783.0
213,BITCOIN - CHICAGO MERCANTILE EXCHANGE,2021-11-30,9526,11217,     472,    2003,13197,   -1160,-1691,-1531.0
214,BITCOIN - CHICAGO MERCANTILE EXCHANGE,2021-11-23,9054,9214,     405,    -913,14357,     709,-160,1318.0
215,BITCOIN - CHICAGO MERCANTILE EXCHANGE,2021-11-16,8649,10127,    -609,    -598,13648,    -173,-1478,-11.0
216,BITCOIN - CHICAGO MERCANTILE EXCHANGE,2021-11-09,9258,10725,     196,      51,13821,     309,-1467,145.0
217,BITCOIN - CHICAGO MERCANTILE EXCHANGE,2021-11-02,9062,10674,    1941,    -859,13512,   -3159,-1612,2800.0
218,BITCOIN - CHICAGO MERCANTILE EXCHANGE,2021-10-26,7121,11533,      52,    1618,16671,    3066,-4412,-1566.0
219,BITCOIN - CHICAGO MERCANTILE EXCHANGE,2021-10-19,7069,9915,     225,    1645,13605,    2687,-2846,-1420.0
220,BITCOIN - CHICAGO MERCANTILE EXCHANGE,2021-10-12,6844,8270,    1263,    1171,10918,    2032,-1426,92.0
221,BITCOIN - CHICAGO MERCANTILE EXCHANGE,2021-10-05,5581,7099,    1042,    1677,8886,    1847,-1518,-635.0
222,BITCOIN - CHICAGO MERCANTILE EXCHANGE,2021-09-28,4539,5422,     163,      21,7039,    -309,-883,142.0
223,BITCOIN - CHICAGO MERCANTILE EXCHANGE,2021-09-21,4376,5401,     510,     348,7348,     728,-1025,162.0
224,BITCOIN - CHICAGO MERCANTILE EXCHANGE,2021-09-14,3866,5053,    -304,    -211,6620,     -39,-1187,-93.0
225,BITCOIN - CHICAGO MERCANTILE EXCHANGE,2021-09-07,4170,5264,     104,     106,6659,     297,-1094,-2.0
226,BITCOIN - CHICAGO MERCANTILE EXCHANGE,2021-08-31,4066,5158,    -426,    -448,6362,   -1153,-1092,22.0
227,BITCOIN - CHICAGO MERCANTILE EXCHANGE,2021-08-24,4492,5606,    -312,      76,7515,     152,-1114,-388.0
228,BITCOIN - CHICAGO MERCANTILE EXCHANGE,2021-08-17,4804,5530,     436,      58,7363,     594,-726,378.0
229,BITCOIN - CHICAGO MERCANTILE EXCHANGE,2021-08-10,4368,5472,     501,     315,6769,     361,-1104,186.0
230,BITCOIN - CHICAGO MERCANTILE EXCHANGE,2021-08-03,3867,5157,     124,    -158,6408,   -1394,-1290,282.0
231,BITCOIN - CHICAGO MERCANTILE EXCHANGE,2021-07-27,3743,5315,   -1661,   -1281,7802,    -481,-1572,-380.0
232,BITCOIN - CHICAGO MERCANTILE EXCHANGE,2021-07-20,5404,6596,     928,     953,8283,    1154,-1192,-25.0
233,BITCOIN - CHICAGO MERCANTILE EXCHANGE,2021-07-13,4476,5643,     458,     354,7129,     240,-1167,104.0
234,BITCOIN - CHICAGO MERCANTILE EXCHANGE,2021-07-06,4018,5289,     220,     146,6889,     101,-1271,74.0
235,BITCOIN - CHICAGO MERCANTILE EXCHANGE,2021-06-29,3798,5143,    -704,    -887,6788,   -1126,-1345,183.0
236,BITCOIN - CHICAGO MERCANTILE EXCHANGE,2021-06-22,4502,6030,     182,     101,7914,     386,-1528,81.0
237,BITCOIN - CHICAGO MERCANTILE EXCHANGE,2021-06-15,4320,5929,    -484,     -56,7528,     -38,-1609,-428.0
238,BITCOIN - CHICAGO MERCANTILE EXCHANGE,2021-06-08,4804,5985,     435,     174,7566,     248,-1181,261.0
239,BITCOIN - CHICAGO MERCANTILE EXCHANGE,2021-06-01,4369,5811,    -655,    -885,7318,   -1575,-1442,230.0
240,BITCOIN - CHICAGO MERCANTILE EXCHANGE,2021-05-25,5024,6696,   -1251,    -538,8893,    -267,-1672,-713.0
241,BITCOIN - CHICAGO MERCANTILE EXCHANGE,2021-05-18,6275,7234,    1612,     633,9160,     901,-959,979.0
242,BITCOIN - CHICAGO MERCANTILE EXCHANGE,2021-05-11,4663,6601,    -301,    -127,8259,     -47,-1938,-174.0
243,BITCOIN - CHICAGO MERCANTILE EXCHANGE,2021-05-04,4964,6728,     533,     388,8306,    -123,-1764,145.0
244,BITCOIN - CHICAGO MERCANTILE EXCHANGE,2021-04-27,4431,6340,    -716,   -1079,8429,    -388,-1909,363.0
245,BITCOIN - CHICAGO MERCANTILE EXCHANGE,2021-04-20,5147,7419,    -641,    -834,8817,    -836,-2272,193.0
246,BITCOIN - CHICAGO MERCANTILE EXCHANGE,2021-04-13,5788,8253,    -150,      23,9653,    -212,-2465,-173.0
247,BITCOIN - CHICAGO MERCANTILE EXCHANGE,2021-04-06,5938,8230,     262,     339,9865,     543,-2292,-77.0
248,BITCOIN - CHICAGO MERCANTILE EXCHANGE,2021-03-30,5676,7891,     135,     -55,9322,    -575,-2215,190.0
249,BITCOIN - CHICAGO MERCANTILE EXCHANGE,2021-03-23,5541,7946,     744,     497,9897,     562,-2405,247.0
250,BITCOIN - CHICAGO MERCANTILE EXCHANGE,2021-03-16,4797,7449,    -147,     592,9335,     550,-2652,-739.0
251,BITCOIN - CHICAGO MERCANTILE EXCHANGE,2021-03-09,4944,6857,     477,     539,8785,     717,-1913,-62.0
252,BITCOIN - CHICAGO MERCANTILE EXCHANGE,2021-03-02,4467,6318,   -2092,   -2326,8068,   -2504,-1851,234.0
253,BITCOIN - CHICAGO MERCANTILE EXCHANGE,2021-02-23,6559,8644,    -113,    -921,10572,    -854,-2085,808.0
254,BITCOIN - CHICAGO MERCANTILE EXCHANGE,2021-02-16,6672,9565,     345,     394,11426,     371,-2893,-49.0
255,BITCOIN - CHICAGO MERCANTILE EXCHANGE,2021-02-09,6327,9171,     985,    1155,11055,    1586,-2844,-170.0
256,BITCOIN - CHICAGO MERCANTILE EXCHANGE,2021-02-02,5342,8016,    -972,   -1079,9469,   -1318,-2674,107.0
257,BITCOIN - CHICAGO MERCANTILE EXCHANGE,2021-01-26,6314,9095,   -1092,   -1440,10787,   -1158,-2781,348.0
258,BITCOIN - CHICAGO MERCANTILE EXCHANGE,2021-01-19,7406,10535,     100,    -104,11945,     -94,-3129,204.0
259,BITCOIN - CHICAGO MERCANTILE EXCHANGE,2021-01-12,7306,10639,     367,     715,12039,     743,-3333,-348.0
260,BITCOIN - CHICAGO MERCANTILE EXCHANGE,2021-01-05,6939,9924,     491,     643,11296,     643,-2985,-152.0
261,BITCOIN - CHICAGO MERCANTILE EXCHANGE,2020-12-29,6448,9281,    -860,   -1717,10653,   -1950,-2833,857.0
262,BITCOIN - CHICAGO MERCANTILE EXCHANGE,2020-12-21,7308,10998,     908,    1638,12603,    1233,-3690,-730.0
263,BITCOIN - CHICAGO MERCANTILE EXCHANGE,2020-12-15,6400,9360,    -480,    -742,11370,    -380,-2960,262.0
264,BITCOIN - CHICAGO MERCANTILE EXCHANGE,2020-12-08,6880,10102,    -507,    -287,11750,     -62,-3222,-220.0
265,BITCOIN - CHICAGO MERCANTILE EXCHANGE,2020-12-01,7387,10389,    -898,    -348,11812,    -524,-3002,-550.0
266,BITCOIN - CHICAGO MERCANTILE EXCHANGE,2020-11-24,8285,10737,     370,     311,12336,     827,-2452,59.0
267,BITCOIN - CHICAGO MERCANTILE EXCHANGE,2020-11-17,7915,10426,    -142,      73,11509,     198,-2511,-215.0
268,BITCOIN - CHICAGO MERCANTILE EXCHANGE,2020-11-10,8057,10353,     505,    -275,11311,      33,-2296,780.0
269,BITCOIN - CHICAGO MERCANTILE EXCHANGE,2020-11-03,7552,10628,    -998,   -1245,11278,   -1387,-3076,247.0
270,BITCOIN - CHICAGO MERCANTILE EXCHANGE,2020-10-27,8550,11873,    1220,    1882,12665,    1769,-3323,-662.0
271,BITCOIN - CHICAGO MERCANTILE EXCHANGE,2020-10-20,7330,9991,    1428,    1684,10896,    1543,-2661,-256.0
272,BITCOIN - CHICAGO MERCANTILE EXCHANGE,2020-10-13,5902,8307,    1442,    1712,9353,    1842,-2405,-270.0
273,BITCOIN - CHICAGO MERCANTILE EXCHANGE,2020-10-06,4460,6595,     341,     425,7511,     187,-2135,-84.0
274,BITCOIN - CHICAGO MERCANTILE EXCHANGE,2020-09-29,4119,6170,      41,    -384,7324,   -1102,-2051,425.0
275,BITCOIN - CHICAGO MERCANTILE EXCHANGE,2020-09-22,4078,6554,   -1044,   -1448,8426,    -957,-2476,404.0
276,BITCOIN - CHICAGO MERCANTILE EXCHANGE,2020-09-15,5122,8002,     479,    1049,9383,    1185,-2880,-570.0
277,BITCOIN - CHICAGO MERCANTILE EXCHANGE,2020-09-08,4643,6953,   -2137,   -2386,8198,   -2419,-2310,249.0
278,BITCOIN - CHICAGO MERCANTILE EXCHANGE,2020-09-01,6780,9339,    -137,     265,10617,    -998,-2559,-402.0
279,BITCOIN - CHICAGO MERCANTILE EXCHANGE,2020-08-25,6917,9074,   -1715,   -3108,11615,   -2839,-2157,1393.0
280,BITCOIN - CHICAGO MERCANTILE EXCHANGE,2020-08-18,8632,12182,     176,     645,14454,    1364,-3550,-469.0
281,BITCOIN - CHICAGO MERCANTILE EXCHANGE,2020-08-11,8456,11537,    -261,    -435,13090,     387,-3081,174.0
282,BITCOIN - CHICAGO MERCANTILE EXCHANGE,2020-08-04,8717,11972,     -92,     -81,12703,    -365,-3255,-11.0
283,BITCOIN - CHICAGO MERCANTILE EXCHANGE,2020-07-28,8809,12053,    1985,    3529,13068,    3838,-3244,-1544.0
284,BITCOIN - CHICAGO MERCANTILE EXCHANGE,2020-07-21,6824,8524,     501,     891,9230,     908,-1700,-390.0
285,BITCOIN - CHICAGO MERCANTILE EXCHANGE,2020-07-14,6323,7633,     303,     128,8322,     157,-1310,175.0
286,BITCOIN - CHICAGO MERCANTILE EXCHANGE,2020-07-07,6020,7505,     324,     583,8165,     490,-1485,-259.0
287,BITCOIN - CHICAGO MERCANTILE EXCHANGE,2020-06-30,5696,6922,    -944,   -1515,7675,   -1655,-1226,571.0
288,BITCOIN - CHICAGO MERCANTILE EXCHANGE,2020-06-23,6640,8437,     258,     491,9330,     546,-1797,-233.0
289,BITCOIN - CHICAGO MERCANTILE EXCHANGE,2020-06-16,6382,7946,    -435,    -814,8784,    -781,-1564,379.0
290,BITCOIN - CHICAGO MERCANTILE EXCHANGE,2020-06-09,6817,8760,     903,     694,9565,     741,-1943,209.0
291,BITCOIN - CHICAGO MERCANTILE EXCHANGE,2020-06-02,5914,8066,    -120,     382,8824,     102,-2152,-502.0
292,BITCOIN - CHICAGO MERCANTILE EXCHANGE,2020-05-26,6034,7684,   -1308,   -2242,8722,   -2156,-1650,934.0
293,BITCOIN - CHICAGO MERCANTILE EXCHANGE,2020-05-19,7342,9926,     736,     989,10878,     939,-2584,-253.0
294,BITCOIN - CHICAGO MERCANTILE EXCHANGE,2020-05-12,6606,8937,    1600,    2206,9939,    2155,-2331,-606.0
295,BITCOIN - CHICAGO MERCANTILE EXCHANGE,2020-05-05,5006,6731,    1372,    1503,7784,    1673,-1725,-131.0
296,BITCOIN - CHICAGO MERCANTILE EXCHANGE,2020-04-28,3634,5228,     225,     286,6111,     463,-1594,-61.0
297,BITCOIN - CHICAGO MERCANTILE EXCHANGE,2020-04-21,3409,4942,      40,      67,5648,     110,-1533,-27.0
298,BITCOIN - CHICAGO MERCANTILE EXCHANGE,2020-04-14,3369,4875,     -11,      85,5538,      90,-1506,-96.0
299,BITCOIN - CHICAGO MERCANTILE EXCHANGE,2020-04-07,3380,4790,     782,    1487,5448,    1501,-1410,-705.0
300,BITCOIN - CHICAGO MERCANTILE EXCHANGE,2020-03-31,2598,3303,     332,     165,3947,      38,-705,167.0
301,BITCOIN - CHICAGO MERCANTILE EXCHANGE,2020-03-24,2266,3138,    -624,    -738,3909,    -565,-872,114.0
302,BITCOIN - CHICAGO MERCANTILE EXCHANGE,2020-03-17,2890,3876,     506,     446,4474,     106,-986,60.0
303,BITCOIN - CHICAGO MERCANTILE EXCHANGE,2020-03-10,2384,3430,     157,    -379,4368,    -469,-1046,536.0
304,BITCOIN - CHICAGO MERCANTILE EXCHANGE,2020-03-03,2227,3809,   -1523,   -1107,4837,    -795,-1582,-416.0
305,BITCOIN - CHICAGO MERCANTILE EXCHANGE,2020-02-25,3750,4916,    -616,    -858,5632,    -831,-1166,242.0
306,BITCOIN - CHICAGO MERCANTILE EXCHANGE,2020-02-18,4366,5774,     762,     490,6463,     357,-1408,272.0
307,BITCOIN - CHICAGO MERCANTILE EXCHANGE,2020-02-11,3604,5284,    1287,    1496,6106,    1739,-1680,-209.0
308,BITCOIN - CHICAGO MERCANTILE EXCHANGE,2020-02-04,2317,3788,    -306,    -368,4367,    -550,-1471,62.0
309,BITCOIN - CHICAGO MERCANTILE EXCHANGE,2020-01-28,2623,4156,    -369,    -234,4917,    -222,-1533,-135.0
310,BITCOIN - CHICAGO MERCANTILE EXCHANGE,2020-01-21,2992,4390,    -376,    -338,5139,    -266,-1398,-38.0
311,BITCOIN - CHICAGO MERCANTILE EXCHANGE,2020-01-14,3368,4728,     -17,     -92,5405,       5,-1360,75.0
312,BITCOIN - CHICAGO MERCANTILE EXCHANGE,2020-01-07,3385,4820,    1686,    2092,5400,    2214,-1435,-406.0
313,BITCOIN - CHICAGO MERCANTILE EXCHANGE,2019-12-31,1699,2728,     -26,    -325,3186,    -355,-1029,299.0
314,BITCOIN - CHICAGO MERCANTILE EXCHANGE,2019-12-24,1725,3053,    -320,    -168,3541,    -299,-1328,-152.0
315,BITCOIN - CHICAGO MERCANTILE EXCHANGE,2019-12-17,2045,3221,     479,     774,3840,     608,-1176,-295.0
316,BITCOIN - CHICAGO MERCANTILE EXCHANGE,2019-12-10,1566,2447,     141,     296,3232,     249,-881,-155.0
317,BITCOIN - CHICAGO MERCANTILE EXCHANGE,2019-12-03,1425,2151,    -158,    -442,2983,    -571,-726,284.0
318,BITCOIN - CHICAGO MERCANTILE EXCHANGE,2019-11-26,1583,2593,     -47,      53,3554,     397,-1010,-100.0
319,BITCOIN - CHICAGO MERCANTILE EXCHANGE,2019-11-19,1630,2540,     -49,      -4,3157,      66,-910,-45.0
320,BITCOIN - CHICAGO MERCANTILE EXCHANGE,2019-11-12,1679,2544,    -357,    -407,3091,    -429,-865,50.0
321,BITCOIN - CHICAGO MERCANTILE EXCHANGE,2019-11-05,2036,2951,     218,     404,3520,     365,-915,-186.0
322,BITCOIN - CHICAGO MERCANTILE EXCHANGE,2019-10-29,1818,2547,     325,     284,3155,      62,-729,41.0
323,BITCOIN - CHICAGO MERCANTILE EXCHANGE,2019-10-22,1493,2263,    -332,    -428,3093,    -351,-770,96.0
324,BITCOIN - CHICAGO MERCANTILE EXCHANGE,2019-10-15,1825,2691,      20,     -21,3444,     109,-866,41.0
325,BITCOIN - CHICAGO MERCANTILE EXCHANGE,2019-10-08,1805,2712,       4,      46,3335,     -13,-907,-42.0
326,BITCOIN - CHICAGO MERCANTILE EXCHANGE,2019-10-01,1801,2666,    -452,    -655,3348,    -830,-865,203.0
327,BITCOIN - CHICAGO MERCANTILE EXCHANGE,2019-09-24,2253,3321,    -249,    -251,4178,       4,-1068,2.0
328,BITCOIN - CHICAGO MERCANTILE EXCHANGE,2019-09-17,2502,3572,      55,     174,4174,      46,-1070,-119.0
329,BITCOIN - CHICAGO MERCANTILE EXCHANGE,2019-09-10,2447,3398,    -308,    -477,4128,    -365,-951,169.0
330,BITCOIN - CHICAGO MERCANTILE EXCHANGE,2019-09-03,2755,3875,     470,     405,4493,     402,-1120,65.0
331,BITCOIN - CHICAGO MERCANTILE EXCHANGE,2019-08-27,2285,3470,    -280,    -337,4091,    -394,-1185,57.0
332,BITCOIN - CHICAGO MERCANTILE EXCHANGE,2019-08-20,2565,3807,    -306,    -267,4485,    -244,-1242,-39.0
333,BITCOIN - CHICAGO MERCANTILE EXCHANGE,2019-08-13,2871,4074,      51,      26,4729,      37,-1203,25.0
334,BITCOIN - CHICAGO MERCANTILE EXCHANGE,2019-08-06,2820,4048,     133,     359,4692,     390,-1228,-226.0
335,BITCOIN - CHICAGO MERCANTILE EXCHANGE,2019-07-30,2687,3689,    -345,    -565,4302,    -626,-1002,220.0
336,BITCOIN - CHICAGO MERCANTILE EXCHANGE,2019-07-23,3032,4254,    -290,    -422,4928,    -394,-1222,132.0
337,BITCOIN - CHICAGO MERCANTILE EXCHANGE,2019-07-16,3322,4676,    -842,    -796,5322,    -753,-1354,-46.0
338,BITCOIN - CHICAGO MERCANTILE EXCHANGE,2019-07-09,4164,5472,      82,     266,6075,     236,-1308,-184.0
339,BITCOIN - CHICAGO MERCANTILE EXCHANGE,2019-07-02,4082,5206,     189,      80,5839,    -182,-1124,109.0
340,BITCOIN - CHICAGO MERCANTILE EXCHANGE,2019-06-25,3893,5126,     493,     695,6021,     630,-1233,-202.0
341,BITCOIN - CHICAGO MERCANTILE EXCHANGE,2019-06-18,3400,4431,     606,     737,5391,     957,-1031,-131.0
342,BITCOIN - CHICAGO MERCANTILE EXCHANGE,2019-06-11,2794,3694,     -40,     -69,4434,      -2,-900,29.0
343,BITCOIN - CHICAGO MERCANTILE EXCHANGE,2019-06-04,2834,3763,    -432,    -654,4436,    -754,-929,222.0
344,BITCOIN - CHICAGO MERCANTILE EXCHANGE,2019-05-28,3266,4417,     421,     591,5190,     540,-1151,-170.0
345,BITCOIN - CHICAGO MERCANTILE EXCHANGE,2019-05-21,2845,3826,      40,      76,4650,     203,-981,-36.0
346,BITCOIN - CHICAGO MERCANTILE EXCHANGE,2019-05-14,2805,3750,    -141,    -235,4447,      59,-945,94.0
347,BITCOIN - CHICAGO MERCANTILE EXCHANGE,2019-05-07,2946,3985,     445,     519,4388,     571,-1039,-74.0
348,BITCOIN - CHICAGO MERCANTILE EXCHANGE,2019-04-30,2501,3466,    -270,    -368,3817,    -496,-965,98.0
349,BITCOIN - CHICAGO MERCANTILE EXCHANGE,2019-04-23,2771,3834,    -196,     161,4313,     -11,-1063,-357.0
350,BITCOIN - CHICAGO MERCANTILE EXCHANGE,2019-04-16,2967,3673,     121,     128,4324,    -119,-706,-7.0
351,BITCOIN - CHICAGO MERCANTILE EXCHANGE,2019-04-09,2846,3545,     416,     489,4443,     443,-699,-73.0
352,BITCOIN - CHICAGO MERCANTILE EXCHANGE,2019-04-02,2430,3056,     470,     730,4000,     572,-626,-260.0
353,BITCOIN - CHICAGO MERCANTILE EXCHANGE,2019-03-26,1960,2326,    -423,    -507,3428,    -253,-366,84.0
354,BITCOIN - CHICAGO MERCANTILE EXCHANGE,2019-03-19,2383,2833,      76,     170,3681,     201,-450,-94.0
355,BITCOIN - CHICAGO MERCANTILE EXCHANGE,2019-03-12,2307,2663,     104,     174,3480,     254,-356,-70.0
356,BITCOIN - CHICAGO MERCANTILE EXCHANGE,2019-03-05,2203,2489,    -165,    -197,3226,     -98,-286,32.0
357,BITCOIN - CHICAGO MERCANTILE EXCHANGE,2019-02-26,2368,2686,    -118,    -376,3324,    -640,-318,258.0
358,BITCOIN - CHICAGO MERCANTILE EXCHANGE,2019-02-19,2486,3062,     465,     438,3964,     603,-576,27.0
359,BITCOIN - CHICAGO MERCANTILE EXCHANGE,2019-02-12,2021,2624,    -657,    -374,3361,    -520,-603,-283.0
360,BITCOIN - CHICAGO MERCANTILE EXCHANGE,2019-02-05,2678,2998,    -210,    -205,3881,    -166,-320,-5.0
361,BITCOIN - CHICAGO MERCANTILE EXCHANGE,2019-01-29,2888,3203,    -462,    -442,4047,    -929,-315,-20.0
362,BITCOIN - CHICAGO MERCANTILE EXCHANGE,2019-01-22,3350,3645,    -204,     -51,4976,     503,-295,-153.0
363,BITCOIN - CHICAGO MERCANTILE EXCHANGE,2019-01-15,3554,3696,     578,     479,4473,     709,-142,99.0
364,BITCOIN - CHICAGO MERCANTILE EXCHANGE,2019-01-08,2976,3217,     290,     237,3764,      56,-241,53.0
365,BITCOIN - CHICAGO MERCANTILE EXCHANGE,2018-12-31,2686,2980,    -265,    -256,3708,    -149,-294,-9.0
366,BITCOIN - CHICAGO MERCANTILE EXCHANGE,2018-12-24,2951,3236,    -456,    -523,3857,    -502,-285,67.0
367,BITCOIN - CHICAGO MERCANTILE EXCHANGE,2018-12-18,3407,3759,     316,     428,4359,     389,-352,-112.0
368,BITCOIN - CHICAGO MERCANTILE EXCHANGE,2018-12-11,3091,3331,     453,     579,3970,     669,-240,-126.0
369,BITCOIN - CHICAGO MERCANTILE EXCHANGE,2018-12-04,2638,2752,     -39,       2,3301,    -490,-114,-41.0
370,BITCOIN - CHICAGO MERCANTILE EXCHANGE,2018-11-27,2677,2750,     210,     174,3791,      62,-73,36.0
371,BITCOIN - CHICAGO MERCANTILE EXCHANGE,2018-11-20,2467,2576,    -425,    -479,3729,     199,-109,54.0
372,BITCOIN - CHICAGO MERCANTILE EXCHANGE,2018-11-13,2892,3055,     644,     597,3530,     617,-163,47.0
373,BITCOIN - CHICAGO MERCANTILE EXCHANGE,2018-11-06,2248,2458,     275,     425,2913,     305,-210,-150.0
374,BITCOIN - CHICAGO MERCANTILE EXCHANGE,2018-10-30,1973,2033,     103,      36,2608,    -393,-60,67.0
375,BITCOIN - CHICAGO MERCANTILE EXCHANGE,2018-10-23,1870,1997,     -92,    -193,3001,     271,-127,101.0
376,BITCOIN - CHICAGO MERCANTILE EXCHANGE,2018-10-16,1962,2190,     -76,     -99,2730,    -118,-228,23.0
377,BITCOIN - CHICAGO MERCANTILE EXCHANGE,2018-10-09,2038,2289,     448,     371,2848,     494,-251,77.0
378,BITCOIN - CHICAGO MERCANTILE EXCHANGE,2018-10-02,1590,1918,     -35,     -34,2354,    -392,-328,-1.0
379,BITCOIN - CHICAGO MERCANTILE EXCHANGE,2018-09-25,1625,1952,     -31,     -85,2746,       4,-327,54.0
380,BITCOIN - CHICAGO MERCANTILE EXCHANGE,2018-09-18,1656,2037,     -90,     -68,2742,      31,-381,-22.0
381,BITCOIN - CHICAGO MERCANTILE EXCHANGE,2018-09-11,1746,2105,    -116,     -79,2711,       4,-359,-37.0
382,BITCOIN - CHICAGO MERCANTILE EXCHANGE,2018-09-04,1862,2184,     -53,    -170,2707,    -133,-322,117.0
383,BITCOIN - CHICAGO MERCANTILE EXCHANGE,2018-08-28,1915,2354,    -274,    -100,2840,    -141,-439,-174.0
384,BITCOIN - CHICAGO MERCANTILE EXCHANGE,2018-08-21,2189,2454,     -14,      29,2981,      -2,-265,-43.0
385,BITCOIN - CHICAGO MERCANTILE EXCHANGE,2018-08-14,2203,2425,     587,     443,2983,     251,-222,144.0
386,BITCOIN - CHICAGO MERCANTILE EXCHANGE,2018-08-07,1616,1982,    -365,    -451,2732,    -331,-366,86.0
387,BITCOIN - CHICAGO MERCANTILE EXCHANGE,2018-07-31,1981,2433,    -314,    -359,3063,    -368,-452,45.0
388,BITCOIN - CHICAGO MERCANTILE EXCHANGE,2018-07-24,2295,2792,     308,     458,3431,     577,-497,-150.0
389,BITCOIN - CHICAGO MERCANTILE EXCHANGE,2018-07-17,1987,2334,     179,     195,2854,     232,-347,-16.0
390,BITCOIN - CHICAGO MERCANTILE EXCHANGE,2018-07-10,1808,2139,     128,      50,2622,     108,-331,78.0
391,BITCOIN - CHICAGO MERCANTILE EXCHANGE,2018-07-03,1680,2089,     -28,     -42,2514,    -173,-409,14.0
392,BITCOIN - CHICAGO MERCANTILE EXCHANGE,2018-06-26,1708,2131,     -10,      68,2687,      54,-423,-78.0
393,BITCOIN - CHICAGO MERCANTILE EXCHANGE,2018-06-19,1718,2063,     -87,    -119,2633,     -10,-345,32.0
394,BITCOIN - CHICAGO MERCANTILE EXCHANGE,2018-06-12,1805,2182,      92,       3,2643,      87,-377,89.0
395,BITCOIN - CHICAGO MERCANTILE EXCHANGE,2018-06-05,1713,2179,      17,     -74,2556,    -158,-466,91.0
396,BITCOIN - CHICAGO MERCANTILE EXCHANGE,2018-05-29,1696,2253,     -89,      25,2714,      30,-557,-114.0
397,BITCOIN - CHICAGO MERCANTILE EXCHANGE,2018-05-22,1785,2228,     110,     176,2684,     179,-443,-66.0
398,BITCOIN - CHICAGO MERCANTILE EXCHANGE,2018-05-15,1675,2052,       0,     -23,2505,      20,-377,23.0
399,BITCOIN - CHICAGO MERCANTILE EXCHANGE,2018-05-08,1675,2075,     300,     444,2485,     494,-400,-144.0
400,BITCOIN - CHICAGO MERCANTILE EXCHANGE,2018-05-01,1375,1631,    -122,    -387,1991,    -389,-256,265.0
401,BITCOIN - CHICAGO MERCANTILE EXCHANGE,2018-04-24,1497,2018,     192,     373,2380,     351,-521,-181.0
402,BITCOIN - CHICAGO MERCANTILE EXCHANGE,2018-04-17,1305,1645,     228,     330,2029,     327,-340,-102.0
403,BITCOIN - CHICAGO MERCANTILE EXCHANGE,2018-04-10,1077,1315,.,.,1702,.,-238,
